player,innings_batted,runs,balls_faced,dismissals,batting_avg,strike_rate,highest_score,fifties,hundreds,innings_bowled,balls_bowled,runs_conceded,wickets,economy,bowling_avg
A Ashish Reddy,23.0,280.0,196.0,15.0,18.67,142.86,36.0,0.0,0.0,20.0,270.0,396.0,18.0,8.8,22.0
A Badoni,56.0,1178.0,885.0,46.0,25.61,133.11,74.0,7.0,0.0,8.0,41.0,63.0,4.0,9.22,15.75
A Chandila,2.0,4.0,7.0,0.0,4.0,57.14,4.0,0.0,0.0,12.0,234.0,242.0,11.0,6.21,22.0
A Chopra,6.0,53.0,75.0,6.0,8.83,70.67,24.0,0.0,0.0,0.0,0.0,0.0,0.0,0.0,0.0
A Choudhary,3.0,25.0,20.0,1.0,25.0,125.0,15.0,0.0,0.0,5.0,108.0,144.0,5.0,8.0,28.8
A Dananjaya,1.0,4.0,5.0,0.0,4.0,80.0,4.0,0.0,0.0,1.0,25.0,47.0,0.0,11.28,0.0
A Flintoff,3.0,62.0,57.0,2.0,31.0,108.77,24.0,0.0,0.0,3.0,66.0,105.0,2.0,9.55,52.5
A Kamboj,10.0,74.0,55.0,3.0,24.67,134.55,19.0,0.0,0.0,25.0,513.0,816.0,31.0,9.54,26.32
A Kumble,15.0,35.0,49.0,3.0,11.67,71.43,8.0,0.0,0.0,42.0,983.0,1058.0,45.0,6.46,23.51
A Manohar,20.0,292.0,243.0,19.0,15.37,120.16,43.0,0.0,0.0,0.0,0.0,0.0,0.0,0.0,0.0
A Mhatre,13.0,441.0,250.0,13.0,33.92,176.4,94.0,3.0,0.0,0.0,0.0,0.0,0.0,0.0,0.0
A Mishra,55.0,381.0,440.0,32.0,11.91,86.59,31.0,0.0,0.0,162.0,3444.0,4145.0,174.0,7.22,23.82
A Mithun,6.0,34.0,26.0,5.0,6.8,130.77,11.0,0.0,0.0,16.0,312.0,472.0,7.0,9.08,67.43
A Mukund,2.0,19.0,23.0,2.0,9.5,82.61,19.0,0.0,0.0,0.0,0.0,0.0,0.0,0.0,0.0
A Nehra,17.0,41.0,63.0,7.0,5.86,65.08,22.0,0.0,0.0,88.0,1974.0,2495.0,106.0,7.58,23.54
A Nel,0.0,0.0,0.0,0.0,0.0,0.0,0.0,0.0,0.0,1.0,18.0,31.0,1.0,10.33,31.0
A Nortje,14.0,49.0,52.0,7.0,7.0,94.23,23.0,0.0,0.0,49.0,1169.0,1696.0,61.0,8.7,27.8
A Raghuvanshi,30.0,885.0,628.0,26.0,34.04,140.92,82.0,7.0,0.0,0.0,0.0,0.0,0.0,0.0,0.0
A Singh,5.0,2.0,10.0,4.0,0.5,20.0,1.0,0.0,0.0,23.0,486.0,620.0,28.0,7.65,22.14
A Symonds,36.0,974.0,781.0,27.0,36.07,124.71,117.0,5.0,1.0,30.0,540.0,674.0,20.0,7.49,33.7
A Tomar,1.0,4.0,8.0,1.0,4.0,50.0,4.0,0.0,0.0,0.0,0.0,0.0,0.0,0.0,0.0
A Uniyal,2.0,4.0,7.0,1.0,4.0,57.14,4.0,0.0,0.0,2.0,38.0,66.0,2.0,10.42,33.0
A Zampa,5.0,15.0,25.0,5.0,3.0,60.0,7.0,0.0,0.0,22.0,475.0,652.0,31.0,8.24,21.03
AA Bilakhia,7.0,69.0,88.0,5.0,13.8,78.41,22.0,0.0,0.0,0.0,0.0,0.0,0.0,0.0,0.0
AA Chavan,3.0,12.0,11.0,2.0,6.0,109.09,7.0,0.0,0.0,13.0,255.0,326.0,8.0,7.67,40.75
AA Jhunjhunwala,15.0,217.0,218.0,13.0,16.69,99.54,53.0,1.0,0.0,10.0,88.0,129.0,1.0,8.8,129.0
AA Kazi,0.0,0.0,0.0,0.0,0.0,0.0,0.0,0.0,0.0,1.0,13.0,21.0,0.0,9.69,0.0
AA Kulkarni,4.0,26.0,33.0,4.0,6.5,78.79,17.0,0.0,0.0,0.0,0.0,0.0,0.0,0.0,0.0
AA Noffke,1.0,9.0,12.0,1.0,9.0,75.0,9.0,0.0,0.0,1.0,25.0,40.0,1.0,9.6,40.0
AB Agarkar,18.0,179.0,160.0,10.0,17.9,111.87,39.0,0.0,0.0,42.0,820.0,1151.0,29.0,8.42,39.69
AB Barath,3.0,42.0,43.0,2.0,21.0,97.67,33.0,0.0,0.0,0.0,0.0,0.0,0.0,0.0,0.0
AB Dinda,16.0,26.0,50.0,10.0,2.6,52.0,7.0,0.0,0.0,75.0,1589.0,2073.0,69.0,7.83,30.04
AB McDonald,9.0,123.0,103.0,5.0,24.6,119.42,33.0,0.0,0.0,10.0,188.0,261.0,11.0,8.33,23.73
AB de Villiers,170.0,5181.0,3487.0,130.0,39.85,148.58,133.0,41.0,3.0,0.0,0.0,0.0,0.0,0.0,0.0
AC Blizzard,7.0,120.0,91.0,7.0,17.14,131.87,51.0,1.0,0.0,0.0,0.0,0.0,0.0,0.0,0.0
AC Gilchrist,80.0,2069.0,1555.0,76.0,27.22,133.05,109.0,11.0,2.0,1.0,1.0,0.0,1.0,0.0,0.0
AC Thomas,4.0,20.0,19.0,2.0,10.0,105.26,12.0,0.0,0.0,15.0,327.0,406.0,14.0,7.45,29.0
AC Voges,7.0,181.0,143.0,4.0,45.25,126.57,45.0,0.0,0.0,7.0,56.0,76.0,0.0,8.14,0.0
AD Hales,6.0,148.0,119.0,6.0,24.67,124.37,45.0,0.0,0.0,0.0,0.0,0.0,0.0,0.0,0.0
AD Mascarenhas,11.0,79.0,79.0,9.0,8.78,100.0,27.0,0.0,0.0,13.0,310.0,356.0,19.0,6.89,18.74
AD Mathews,41.0,724.0,599.0,31.0,23.35,120.87,65.0,1.0,0.0,44.0,807.0,1079.0,27.0,8.02,39.96
AD Nath,10.0,90.0,99.0,10.0,9.0,90.91,24.0,0.0,0.0,0.0,0.0,0.0,0.0,0.0,0.0
AD Russell,114.0,2655.0,1626.0,95.0,27.95,163.28,88.0,12.0,0.0,121.0,1885.0,2863.0,123.0,9.11,23.28
AF Milne,7.0,25.0,33.0,4.0,6.25,75.76,15.0,0.0,0.0,11.0,238.0,368.0,7.0,9.28,52.57
AG Murtaza,3.0,10.0,14.0,1.0,10.0,71.43,5.0,0.0,0.0,12.0,269.0,313.0,9.0,6.98,34.78
AG Paunikar,5.0,49.0,61.0,5.0,9.8,80.33,20.0,0.0,0.0,0.0,0.0,0.0,0.0,0.0,0.0
AJ Finch,90.0,2092.0,1696.0,84.0,24.9,123.35,88.0,15.0,0.0,5.0,44.0,67.0,1.0,9.14,67.0
AJ Hosein,3.0,21.0,14.0,0.0,21.0,150.0,16.0,0.0,0.0,8.0,175.0,238.0,9.0,8.16,26.44
AJ Turner,6.0,24.0,31.0,5.0,4.8,77.42,16.0,0.0,0.0,0.0,0.0,0.0,0.0,0.0,0.0
AJ Tye,13.0,91.0,79.0,9.0,10.11,115.19,25.0,0.0,0.0,30.0,714.0,979.0,42.0,8.23,23.31
AK Markram,66.0,1671.0,1264.0,56.0,29.84,132.2,68.0,10.0,0.0,24.0,230.0,357.0,6.0,9.31,59.5
AL Menaria,23.0,401.0,367.0,21.0,19.1,109.26,40.0,0.0,0.0,12.0,113.0,144.0,3.0,7.65,48.0
AM Ghazanfar,1.0,2.0,3.0,0.0,2.0,66.67,2.0,0.0,0.0,11.0,237.0,389.0,15.0,9.85,25.93
AM Nayar,50.0,672.0,588.0,38.0,17.68,114.29,45.0,0.0,0.0,19.0,239.0,322.0,9.0,8.08,35.78
AM Rahane,197.0,5367.0,4391.0,178.0,30.15,122.23,105.0,35.0,2.0,1.0,6.0,5.0,1.0,5.0,5.0
AM Salvi,0.0,0.0,0.0,0.0,0.0,0.0,0.0,0.0,0.0,7.0,156.0,200.0,7.0,7.69,28.57
AN Ahmed,6.0,36.0,27.0,1.0,36.0,133.33,18.0,0.0,0.0,17.0,362.0,498.0,12.0,8.25,41.5
AN Ghosh,2.0,7.0,8.0,2.0,3.5,87.5,7.0,0.0,0.0,0.0,0.0,0.0,0.0,0.0,0.0
AP Dole,2.0,34.0,23.0,2.0,17.0,147.83,30.0,0.0,0.0,3.0,73.0,112.0,5.0,9.21,22.4
AP Majumdar,4.0,87.0,77.0,4.0,21.75,112.99,31.0,0.0,0.0,0.0,0.0,0.0,0.0,0.0,0.0
AP Tare,27.0,339.0,285.0,24.0,14.12,118.95,59.0,1.0,0.0,0.0,0.0,0.0,0.0,0.0,0.0
AR Bawne,1.0,12.0,12.0,0.0,12.0,100.0,12.0,0.0,0.0,0.0,0.0,0.0,0.0,0.0,0.0
AR Patel,134.0,2089.0,1635.0,97.0,21.54,127.77,66.0,4.0,0.0,173.0,3639.0,4437.0,139.0,7.32,31.92
AS Joseph,5.0,27.0,32.0,1.0,27.0,84.38,15.0,0.0,0.0,22.0,454.0,691.0,21.0,9.13,32.9
AS Rajpoot,7.0,26.0,41.0,5.0,5.2,63.41,8.0,0.0,0.0,29.0,567.0,814.0,24.0,8.61,33.92
AS Raut,16.0,194.0,172.0,9.0,21.56,112.79,36.0,0.0,0.0,5.0,30.0,44.0,0.0,8.8,0.0
AS Roy,14.0,78.0,66.0,8.0,9.75,118.18,29.0,0.0,0.0,22.0,351.0,479.0,15.0,8.19,31.93
AS Yadav,6.0,49.0,40.0,5.0,9.8,122.5,16.0,0.0,0.0,0.0,0.0,0.0,0.0,0.0,0.0
AT Carey,3.0,32.0,29.0,2.0,16.0,110.34,14.0,0.0,0.0,0.0,0.0,0.0,0.0,0.0,0.0
AT Rayudu,185.0,4348.0,3490.0,155.0,28.05,124.58,100.0,22.0,1.0,0.0,0.0,0.0,0.0,0.0,0.0
AU Rashid,2.0,22.0,17.0,2.0,11.0,129.41,18.0,0.0,0.0,3.0,60.0,91.0,2.0,9.1,45.5
AUK Pathan,7.0,39.0,26.0,5.0,7.8,150.0,14.0,0.0,0.0,3.0,41.0,63.0,0.0,9.22,0.0
Abdul Basith,1.0,1.0,1.0,0.0,1.0,100.0,1.0,0.0,0.0,0.0,0.0,0.0,0.0,0.0,0.0
Abdul Samad,58.0,859.0,598.0,45.0,19.09,143.65,45.0,0.0,0.0,7.0,58.0,125.0,2.0,12.93,62.5
Abdur Razzak,1.0,0.0,2.0,0.0,0.0,0.0,0.0,0.0,0.0,1.0,14.0,29.0,0.0,12.43,0.0
Abhinandan Singh,0.0,0.0,0.0,0.0,0.0,0.0,0.0,0.0,0.0,3.0,60.0,122.0,3.0,12.2,40.67
Abhishek Sharma,89.0,2379.0,1471.0,81.0,29.37,161.73,141.0,13.0,2.0,36.0,374.0,550.0,11.0,8.82,50.0
Abishek Porel,33.0,769.0,548.0,30.0,25.63,140.33,65.0,4.0,0.0,0.0,0.0,0.0,0.0,0.0,0.0
Akash Deep,5.0,25.0,14.0,3.0,8.33,178.57,17.0,0.0,0.0,14.0,302.0,548.0,10.0,10.89,54.8
Akash Madhwal,2.0,8.0,14.0,0.0,8.0,57.14,4.0,0.0,0.0,17.0,376.0,590.0,23.0,9.41,25.65
Akash Singh,0.0,0.0,0.0,0.0,0.0,0.0,0.0,0.0,0.0,12.0,256.0,406.0,13.0,9.52,31.23
Akshat Raghuwanshi,2.0,29.0,27.0,2.0,14.5,107.41,18.0,0.0,0.0,0.0,0.0,0.0,0.0,0.0,0.0
Aman Hakim Khan,10.0,115.0,109.0,9.0,12.78,105.5,51.0,1.0,0.0,1.0,6.0,13.0,0.0,13.0,0.0
Anand Rajan,0.0,0.0,0.0,0.0,0.0,0.0,0.0,0.0,0.0,8.0,162.0,201.0,8.0,7.44,25.12
Aniket Verma,20.0,315.0,205.0,15.0,21.0,153.66,74.0,1.0,0.0,0.0,0.0,0.0,0.0,0.0,0.0
Anirudh Singh,4.0,63.0,69.0,4.0,15.75,91.3,40.0,0.0,0.0,0.0,0.0,0.0,0.0,0.0,0.0
Ankit Sharma,10.0,87.0,69.0,7.0,12.43,126.09,30.0,0.0,0.0,21.0,375.0,450.0,12.0,7.2,37.5
Ankit Soni,3.0,7.0,9.0,2.0,3.5,77.78,7.0,0.0,0.0,6.0,112.0,144.0,2.0,7.71,72.0
Anmolpreet Singh,9.0,139.0,117.0,9.0,15.44,118.8,36.0,0.0,0.0,0.0,0.0,0.0,0.0,0.0,0.0
Anuj Rawat,21.0,318.0,276.0,16.0,19.88,115.22,66.0,1.0,0.0,0.0,0.0,0.0,0.0,0.0,0.0
Anureet Singh,8.0,36.0,47.0,4.0,9.0,76.6,15.0,0.0,0.0,22.0,430.0,623.0,18.0,8.69,34.61
Arjun Tendulkar,2.0,18.0,14.0,1.0,18.0,128.57,13.0,0.0,0.0,6.0,107.0,150.0,4.0,8.41,37.5
Arshad Khan,12.0,142.0,102.0,6.0,23.67,139.22,58.0,1.0,0.0,24.0,400.0,669.0,18.0,10.04,37.17
Arshad Khan (2),1.0,5.0,4.0,1.0,5.0,125.0,5.0,0.0,0.0,1.0,13.0,24.0,0.0,11.08,0.0
Arshdeep Singh,14.0,32.0,49.0,6.0,5.33,65.31,10.0,0.0,0.0,95.0,2167.0,3111.0,111.0,8.61,28.03
Ashok Sharma,2.0,1.0,5.0,0.0,1.0,20.0,1.0,0.0,0.0,6.0,136.0,228.0,6.0,10.06,38.0
Ashutosh Sharma,26.0,564.0,356.0,19.0,29.68,158.43,66.0,2.0,0.0,0.0,0.0,0.0,0.0,0.0,0.0
Ashwani Kumar,1.0,1.0,6.0,0.0,1.0,16.67,1.0,0.0,0.0,10.0,196.0,334.0,17.0,10.22,19.65
Atharva Taide,10.0,260.0,188.0,10.0,26.0,138.3,66.0,2.0,0.0,1.0,1.0,4.0,0.0,24.0,0.0
Auqib Nabi,2.0,14.0,4.0,1.0,14.0,350.0,10.0,0.0,0.0,5.0,84.0,149.0,0.0,10.64,0.0
Avesh Khan,16.0,68.0,46.0,4.0,17.0,147.83,19.0,0.0,0.0,82.0,1840.0,2734.0,93.0,8.92,29.4
Azhar Mahmood,21.0,388.0,311.0,19.0,20.42,124.76,80.0,2.0,0.0,23.0,552.0,700.0,29.0,7.61,24.14
Azmatullah Omarzai,11.0,151.0,105.0,10.0,15.1,143.81,38.0,0.0,0.0,18.0,369.0,568.0,15.0,9.24,37.87
B Akhil,11.0,76.0,57.0,6.0,12.67,133.33,27.0,0.0,0.0,13.0,193.0,242.0,6.0,7.52,40.33
B Chipli,21.0,280.0,256.0,15.0,18.67,109.38,61.0,1.0,0.0,1.0,6.0,20.0,0.0,20.0,0.0
B Geeves,0.0,0.0,0.0,0.0,0.0,0.0,0.0,0.0,0.0,2.0,49.0,91.0,1.0,11.14,91.0
B Indrajith,3.0,21.0,31.0,3.0,7.0,67.74,15.0,0.0,0.0,0.0,0.0,0.0,0.0,0.0,0.0
B Kumar,75.0,354.0,392.0,38.0,9.32,90.31,27.0,0.0,0.0,206.0,4769.0,5913.0,226.0,7.44,26.16
B Laughlin,4.0,5.0,13.0,2.0,2.5,38.46,4.0,0.0,0.0,9.0,179.0,282.0,10.0,9.45,28.2
B Lee,19.0,124.0,102.0,10.0,12.4,121.57,25.0,0.0,0.0,38.0,916.0,1095.0,25.0,7.17,43.8
B Muzarabani,0.0,0.0,0.0,0.0,0.0,0.0,0.0,0.0,0.0,2.0,44.0,75.0,4.0,10.23,18.75
B Sai Sudharsan,57.0,2515.0,1760.0,52.0,48.37,142.9,108.0,20.0,3.0,0.0,0.0,0.0,0.0,0.0,0.0
B Stanlake,1.0,5.0,2.0,0.0,5.0,250.0,5.0,0.0,0.0,6.0,150.0,200.0,7.0,8.0,28.57
B Sumanth,4.0,35.0,38.0,1.0,35.0,92.11,16.0,0.0,0.0,0.0,0.0,0.0,0.0,0.0,0.0
BA Bhatt,2.0,6.0,7.0,1.0,6.0,85.71,6.0,0.0,0.0,15.0,303.0,397.0,12.0,7.86,33.08
BA Stokes,43.0,935.0,718.0,38.0,24.61,130.22,107.0,2.0,2.0,38.0,723.0,992.0,28.0,8.23,35.43
BAW Mendis,3.0,3.0,6.0,2.0,1.5,50.0,2.0,0.0,0.0,10.0,248.0,303.0,8.0,7.33,37.88
BB McCullum,109.0,2882.0,2272.0,104.0,27.71,126.85,158.0,13.0,2.0,0.0,0.0,0.0,0.0,0.0,0.0
BB Samantray,8.0,125.0,116.0,5.0,25.0,107.76,55.0,1.0,0.0,0.0,0.0,0.0,0.0,0.0,0.0
BB Sran,7.0,10.0,14.0,1.0,10.0,71.43,3.0,0.0,0.0,24.0,516.0,757.0,18.0,8.8,42.06
BCJ Cutting,17.0,238.0,146.0,11.0,21.64,163.01,39.0,0.0,0.0,17.0,288.0,429.0,10.0,8.94,42.9
BE Hendricks,2.0,1.0,3.0,1.0,1.0,33.33,1.0,0.0,0.0,7.0,157.0,235.0,9.0,8.98,26.11
BJ Dwarshuis,0.0,0.0,0.0,0.0,0.0,0.0,0.0,0.0,0.0,1.0,26.0,51.0,1.0,11.77,51.0
BJ Haddin,1.0,18.0,11.0,1.0,18.0,163.64,18.0,0.0,0.0,0.0,0.0,0.0,0.0,0.0,0.0
BJ Hodge,63.0,1400.0,1153.0,42.0,33.33,121.42,73.0,6.0,0.0,20.0,238.0,303.0,17.0,7.64,17.82
BJ Rohrer,8.0,193.0,146.0,7.0,27.57,132.19,64.0,1.0,0.0,1.0,7.0,12.0,0.0,10.29,0.0
BKG Mendis,1.0,20.0,11.0,1.0,20.0,181.82,20.0,0.0,0.0,0.0,0.0,0.0,0.0,0.0,0.0
BMAJ Mendis,3.0,23.0,27.0,3.0,7.67,85.19,12.0,0.0,0.0,2.0,30.0,36.0,1.0,7.2,36.0
BR Dunk,3.0,40.0,36.0,3.0,13.33,111.11,20.0,0.0,0.0,0.0,0.0,0.0,0.0,0.0,0.0
BR Sharath,1.0,2.0,5.0,1.0,2.0,40.0,2.0,0.0,0.0,0.0,0.0,0.0,0.0,0.0,0.0
BW Hilfenhaus,0.0,0.0,0.0,0.0,0.0,0.0,0.0,0.0,0.0,17.0,390.0,479.0,22.0,7.37,21.77
Basil Thampi,7.0,32.0,37.0,1.0,32.0,86.49,13.0,0.0,0.0,25.0,539.0,846.0,22.0,9.42,38.45
Bipul Sharma,17.0,187.0,124.0,8.0,23.38,150.81,35.0,0.0,0.0,28.0,436.0,572.0,17.0,7.87,33.65
Brijesh Sharma,2.0,2.0,4.0,0.0,2.0,50.0,1.0,0.0,0.0,13.0,297.0,450.0,14.0,9.09,32.14
C Bosch,6.0,97.0,63.0,3.0,32.33,153.97,32.0,0.0,0.0,8.0,171.0,250.0,13.0,8.77,19.23
C Connolly,13.0,491.0,316.0,11.0,44.64,155.38,107.0,2.0,1.0,0.0,0.0,0.0,0.0,0.0,0.0
C Ganapathy,0.0,0.0,0.0,0.0,0.0,0.0,0.0,0.0,0.0,1.0,6.0,13.0,0.0,13.0,0.0
C Green,42.0,1029.0,702.0,27.0,38.11,146.58,100.0,4.0,1.0,39.0,603.0,898.0,23.0,8.94,39.04
C Madan,1.0,15.0,21.0,1.0,15.0,71.43,15.0,0.0,0.0,0.0,0.0,0.0,0.0,0.0,0.0
C Munro,11.0,177.0,144.0,12.0,14.75,122.92,40.0,0.0,0.0,2.0,12.0,15.0,0.0,7.5,0.0
C Nanda,1.0,0.0,1.0,1.0,0.0,0.0,0.0,0.0,0.0,3.0,50.0,57.0,2.0,6.84,28.5
C Sakariya,7.0,20.0,31.0,6.0,3.33,64.52,7.0,0.0,0.0,20.0,479.0,638.0,20.0,7.99,31.9
C de Grandhomme,21.0,303.0,229.0,16.0,18.94,132.31,40.0,0.0,0.0,19.0,230.0,319.0,6.0,8.32,53.17
CA Ingram,15.0,205.0,183.0,12.0,17.08,112.02,47.0,0.0,0.0,0.0,0.0,0.0,0.0,0.0,0.0
CA Lynn,42.0,1329.0,974.0,39.0,34.08,136.45,93.0,10.0,0.0,0.0,0.0,0.0,0.0,0.0,0.0
CA Pujara,22.0,390.0,403.0,19.0,20.53,96.77,51.0,1.0,0.0,0.0,0.0,0.0,0.0,0.0,0.0
CH Gayle,141.0,4997.0,3516.0,126.0,39.66,142.12,175.0,32.0,6.0,38.0,584.0,729.0,18.0,7.49,40.5
CH Morris,49.0,618.0,413.0,28.0,22.07,149.64,82.0,2.0,0.0,81.0,1801.0,2309.0,96.0,7.69,24.05
CJ Anderson,29.0,538.0,436.0,22.0,24.45,123.39,95.0,3.0,0.0,22.0,315.0,518.0,11.0,9.87,47.09
CJ Dala,0.0,0.0,0.0,0.0,0.0,0.0,0.0,0.0,0.0,1.0,19.0,34.0,0.0,10.74,0.0
CJ Ferguson,8.0,98.0,119.0,6.0,16.33,82.35,23.0,0.0,0.0,0.0,0.0,0.0,0.0,0.0,0.0
CJ Green,0.0,0.0,0.0,0.0,0.0,0.0,0.0,0.0,0.0,1.0,17.0,24.0,0.0,8.47,0.0
CJ Jordan,12.0,81.0,81.0,10.0,8.1,100.0,30.0,0.0,0.0,34.0,717.0,1081.0,30.0,9.05,36.03
CJ McKay,1.0,8.0,15.0,1.0,8.0,53.33,8.0,0.0,0.0,2.0,42.0,60.0,1.0,8.57,60.0
CK Kapugedera,3.0,16.0,24.0,3.0,5.33,66.67,8.0,0.0,0.0,3.0,17.0,49.0,0.0,17.29,0.0
CK Langeveldt,2.0,8.0,9.0,2.0,4.0,88.89,8.0,0.0,0.0,7.0,165.0,187.0,13.0,6.8,14.38
CL White,45.0,971.0,774.0,36.0,26.97,125.45,78.0,6.0,0.0,6.0,46.0,86.0,1.0,11.22,86.0
CM Gautam,13.0,169.0,158.0,10.0,16.9,106.96,33.0,0.0,0.0,0.0,0.0,0.0,0.0,0.0,0.0
CR Brathwaite,14.0,181.0,120.0,13.0,13.92,150.83,43.0,0.0,0.0,16.0,266.0,379.0,13.0,8.55,29.15
CR Woakes,12.0,78.0,77.0,6.0,13.0,101.3,18.0,0.0,0.0,21.0,463.0,658.0,30.0,8.53,21.93
CRD Fernando,2.0,4.0,3.0,0.0,4.0,133.33,2.0,0.0,0.0,10.0,249.0,298.0,17.0,7.18,17.53
CV Varun,13.0,31.0,56.0,6.0,5.17,55.36,10.0,0.0,0.0,94.0,2187.0,2745.0,111.0,7.53,24.73
D Brevis,24.0,606.0,432.0,24.0,25.25,140.28,57.0,2.0,0.0,1.0,3.0,8.0,1.0,16.0,8.0
D Ferreira,16.0,326.0,195.0,12.0,27.17,167.18,69.0,2.0,0.0,3.0,18.0,41.0,1.0,13.67,41.0
D Jansen,0.0,0.0,0.0,0.0,0.0,0.0,0.0,0.0,0.0,1.0,28.0,53.0,1.0,11.36,53.0
D Kalyankrishna,1.0,3.0,8.0,1.0,3.0,37.5,3.0,0.0,0.0,3.0,50.0,87.0,2.0,10.44,43.5
D Madushanka,0.0,0.0,0.0,0.0,0.0,0.0,0.0,0.0,0.0,1.0,28.0,36.0,1.0,7.71,36.0
D Padikkal,89.0,2270.0,1779.0,85.0,26.71,127.6,101.0,14.0,1.0,0.0,0.0,0.0,0.0,0.0,0.0
D Pretorius,5.0,44.0,28.0,4.0,11.0,157.14,22.0,0.0,0.0,7.0,166.0,238.0,6.0,8.6,39.67
D Salunkhe,3.0,33.0,24.0,2.0,16.5,137.5,26.0,0.0,0.0,5.0,51.0,78.0,1.0,9.18,78.0
D Wiese,11.0,148.0,105.0,5.0,29.6,140.95,47.0,0.0,0.0,15.0,307.0,440.0,16.0,8.6,27.5
D du Preez,1.0,10.0,13.0,1.0,10.0,76.92,10.0,0.0,0.0,2.0,43.0,56.0,4.0,7.81,14.0
DA Miller,143.0,3288.0,2441.0,93.0,35.35,134.7,101.0,14.0,1.0,0.0,0.0,0.0,0.0,0.0,0.0
DA Payne,1.0,6.0,5.0,0.0,6.0,120.0,6.0,0.0,0.0,2.0,31.0,70.0,2.0,13.55,35.0
DA Warner,184.0,6567.0,4849.0,164.0,40.04,135.43,126.0,62.0,4.0,1.0,2.0,2.0,0.0,6.0,0.0
DAJ Bracewell,1.0,12.0,9.0,0.0,12.0,133.33,12.0,0.0,0.0,1.0,25.0,32.0,3.0,7.68,10.67
DB Das,22.0,304.0,267.0,14.0,21.71,113.86,35.0,0.0,0.0,0.0,0.0,0.0,0.0,0.0,0.0
DB Ravi Teja,25.0,375.0,325.0,19.0,19.74,115.38,60.0,1.0,0.0,2.0,18.0,28.0,1.0,9.33,28.0
DE Bollinger,4.0,21.0,23.0,1.0,21.0,91.3,16.0,0.0,0.0,27.0,600.0,693.0,37.0,6.93,18.73
DG Nalkande,2.0,12.0,12.0,2.0,6.0,100.0,12.0,0.0,0.0,6.0,89.0,148.0,6.0,9.98,24.67
DH Yagnik,17.0,170.0,142.0,10.0,17.0,119.72,34.0,0.0,0.0,0.0,0.0,0.0,0.0,0.0,0.0
DJ Bravo,110.0,1560.0,1247.0,69.0,22.61,125.1,70.0,5.0,0.0,158.0,3296.0,4360.0,183.0,7.94,23.83
DJ Harris,4.0,111.0,103.0,4.0,27.75,107.77,47.0,0.0,0.0,2.0,18.0,26.0,0.0,8.67,0.0
DJ Hooda,101.0,1497.0,1213.0,85.0,17.61,123.41,64.0,8.0,0.0,34.0,391.0,546.0,10.0,8.38,54.6
DJ Hussey,61.0,1322.0,1101.0,49.0,26.98,120.07,71.0,5.0,0.0,26.0,323.0,474.0,8.0,8.8,59.25
DJ Jacobs,7.0,92.0,101.0,7.0,13.14,91.09,32.0,0.0,0.0,0.0,0.0,0.0,0.0,0.0,0.0
DJ Malan,1.0,26.0,26.0,1.0,26.0,100.0,26.0,0.0,0.0,0.0,0.0,0.0,0.0,0.0,0.0
DJ Mitchell,15.0,351.0,274.0,13.0,27.0,128.1,63.0,2.0,0.0,4.0,51.0,97.0,1.0,11.41,97.0
DJ Muthuswami,1.0,1.0,3.0,1.0,1.0,33.33,1.0,0.0,0.0,6.0,84.0,101.0,4.0,7.21,25.25
DJ Thornely,4.0,39.0,54.0,3.0,13.0,72.22,30.0,0.0,0.0,4.0,44.0,40.0,3.0,5.45,13.33
DJ Willey,5.0,53.0,64.0,2.0,26.5,82.81,20.0,0.0,0.0,11.0,221.0,272.0,6.0,7.38,45.33
DJG Sammy,20.0,295.0,251.0,15.0,19.67,117.53,60.0,1.0,0.0,19.0,244.0,350.0,11.0,8.61,31.82
DJM Short,7.0,115.0,102.0,7.0,16.43,112.75,44.0,0.0,0.0,2.0,18.0,19.0,1.0,6.33,19.0
DL Chahar,20.0,142.0,105.0,10.0,14.2,135.24,39.0,0.0,0.0,103.0,2171.0,2862.0,96.0,7.91,29.81
DL Vettori,16.0,121.0,118.0,8.0,15.12,102.54,29.0,0.0,0.0,34.0,785.0,879.0,28.0,6.72,31.39
DM Bravo,1.0,6.0,5.0,0.0,6.0,120.0,6.0,0.0,0.0,0.0,0.0,0.0,0.0,0.0,0.0
DNT Zoysa,2.0,11.0,9.0,1.0,11.0,122.22,10.0,0.0,0.0,3.0,69.0,99.0,2.0,8.61,49.5
DP Conway,28.0,1080.0,794.0,25.0,43.2,136.02,92.0,11.0,0.0,0.0,0.0,0.0,0.0,0.0,0.0
DP Nannes,2.0,4.0,13.0,1.0,4.0,30.77,3.0,0.0,0.0,29.0,689.0,785.0,28.0,6.84,28.04
DP Vijaykumar,1.0,1.0,1.0,0.0,1.0,100.0,1.0,0.0,0.0,9.0,159.0,199.0,4.0,7.51,49.75
DPMD Jayawardene,78.0,1808.0,1522.0,64.0,28.25,118.79,110.0,10.0,1.0,0.0,0.0,0.0,0.0,0.0,0.0
DR Martyn,1.0,19.0,26.0,1.0,19.0,73.08,19.0,0.0,0.0,0.0,0.0,0.0,0.0,0.0,0.0
DR Sams,13.0,44.0,48.0,9.0,4.89,91.67,15.0,0.0,0.0,16.0,389.0,523.0,14.0,8.07,37.36
DR Shorey,2.0,13.0,20.0,2.0,6.5,65.0,8.0,0.0,0.0,0.0,0.0,0.0,0.0,0.0,0.0
DR Smith,88.0,2385.0,1803.0,84.0,28.39,132.28,87.0,17.0,0.0,46.0,557.0,810.0,26.0,8.73,31.15
DS Kulkarni,20.0,104.0,113.0,9.0,11.56,92.04,28.0,0.0,0.0,92.0,1876.0,2474.0,86.0,7.91,28.77
DS Lehmann,2.0,18.0,19.0,2.0,9.0,94.74,17.0,0.0,0.0,0.0,0.0,0.0,0.0,0.0,0.0
DS Rathi,3.0,3.0,9.0,1.0,3.0,33.33,2.0,0.0,0.0,23.0,561.0,826.0,19.0,8.83,43.47
DT Christian,41.0,460.0,408.0,31.0,14.84,112.75,39.0,0.0,0.0,49.0,922.0,1192.0,38.0,7.76,31.37
DT Patil,2.0,13.0,13.0,2.0,6.5,100.0,9.0,0.0,0.0,0.0,0.0,0.0,0.0,0.0,0.0
DV Malewar,2.0,2.0,5.0,2.0,1.0,40.0,2.0,0.0,0.0,0.0,0.0,0.0,0.0,0.0,0.0
DW Steyn,33.0,167.0,163.0,22.0,7.59,102.45,19.0,0.0,0.0,95.0,2282.0,2523.0,97.0,6.63,26.01
Dhruv Jurel,51.0,1195.0,801.0,38.0,31.45,149.19,81.0,10.0,0.0,0.0,0.0,0.0,0.0,0.0,0.0
E Lewis,26.0,654.0,499.0,24.0,27.25,131.06,65.0,4.0,0.0,0.0,0.0,0.0,0.0,0.0,0.0
E Malinga,3.0,7.0,18.0,1.0,7.0,38.89,5.0,0.0,0.0,22.0,516.0,745.0,33.0,8.66,22.58
EJG Morgan,74.0,1406.0,1181.0,62.0,22.68,119.05,68.0,5.0,0.0,0.0,0.0,0.0,0.0,0.0,0.0
ER Dwivedi,2.0,24.0,15.0,2.0,12.0,160.0,19.0,0.0,0.0,0.0,0.0,0.0,0.0,0.0,0.0
F Behardien,3.0,14.0,13.0,2.0,7.0,107.69,9.0,0.0,0.0,0.0,0.0,0.0,0.0,0.0,0.0
F du Plessis,147.0,4773.0,3605.0,136.0,35.1,132.4,96.0,39.0,0.0,1.0,6.0,16.0,0.0,16.0,0.0
FA Allen,3.0,14.0,19.0,2.0,7.0,73.68,8.0,0.0,0.0,4.0,91.0,136.0,2.0,8.97,68.0
FH Allen,11.0,349.0,168.0,10.0,34.9,207.74,100.0,1.0,1.0,0.0,0.0,0.0,0.0,0.0,0.0
FH Edwards,2.0,4.0,5.0,1.0,4.0,80.0,3.0,0.0,0.0,6.0,150.0,154.0,5.0,6.16,30.8
FY Fazal,11.0,183.0,179.0,10.0,18.3,102.23,45.0,0.0,0.0,2.0,12.0,20.0,0.0,10.0,0.0
Fazalhaq Farooqi,3.0,5.0,15.0,0.0,5.0,33.33,2.0,0.0,0.0,12.0,266.0,437.0,6.0,9.86,72.83
G Coetzee,7.0,31.0,33.0,6.0,5.17,93.94,12.0,0.0,0.0,14.0,292.0,472.0,15.0,9.7,31.47
G Gambhir,151.0,4217.0,3524.0,136.0,31.01,119.67,93.0,36.0,0.0,0.0,0.0,0.0,0.0,0.0,0.0
GB Hogg,4.0,22.0,22.0,3.0,7.33,100.0,13.0,0.0,0.0,21.0,466.0,570.0,23.0,7.34,24.78
GC Smith,29.0,739.0,691.0,26.0,28.42,106.95,91.0,4.0,0.0,0.0,0.0,0.0,0.0,0.0,0.0
GC Viljoen,3.0,3.0,7.0,2.0,1.5,42.86,2.0,0.0,0.0,6.0,146.0,222.0,7.0,9.12,31.71
GD McGrath,2.0,4.0,5.0,1.0,4.0,80.0,4.0,0.0,0.0,14.0,329.0,357.0,12.0,6.51,29.75
GD Phillips,13.0,132.0,112.0,11.0,12.0,117.86,25.0,0.0,0.0,4.0,31.0,40.0,2.0,7.74,20.0
GF Linde,3.0,31.0,21.0,3.0,10.33,147.62,16.0,0.0,0.0,3.0,37.0,55.0,1.0,8.92,55.0
GH Vihari,23.0,284.0,331.0,20.0,14.2,85.8,46.0,0.0,0.0,6.0,43.0,47.0,1.0,6.56,47.0
GHS Garton,2.0,2.0,4.0,1.0,2.0,50.0,2.0,0.0,0.0,5.0,97.0,135.0,3.0,8.35,45.0
GJ Bailey,36.0,663.0,552.0,27.0,24.56,120.11,61.0,2.0,0.0,0.0,0.0,0.0,0.0,0.0,0.0
GJ Maxwell,134.0,2820.0,1896.0,118.0,23.9,148.73,95.0,18.0,0.0,85.0,1047.0,1413.0,41.0,8.1,34.46
GR Napier,1.0,15.0,16.0,1.0,15.0,93.75,15.0,0.0,0.0,1.0,24.0,27.0,1.0,6.75,27.0
GS Sandhu,0.0,0.0,0.0,0.0,0.0,0.0,0.0,0.0,0.0,2.0,48.0,82.0,1.0,10.25,82.0
Gagandeep Singh,0.0,0.0,0.0,0.0,0.0,0.0,0.0,0.0,0.0,4.0,84.0,141.0,3.0,10.07,47.0
Gulbadin Naib,1.0,19.0,15.0,1.0,19.0,126.67,19.0,0.0,0.0,1.0,6.0,12.0,0.0,12.0,0.0
Gurjapneet Singh,0.0,0.0,0.0,0.0,0.0,0.0,0.0,0.0,0.0,8.0,159.0,233.0,4.0,8.79,58.25
Gurkeerat Singh,32.0,511.0,436.0,24.0,21.29,117.2,65.0,2.0,0.0,6.0,82.0,97.0,5.0,7.1,19.4
Gurnoor Brar,0.0,0.0,0.0,0.0,0.0,0.0,0.0,0.0,0.0,1.0,21.0,42.0,0.0,12.0,0.0
H Das,1.0,2.0,5.0,1.0,2.0,40.0,2.0,0.0,0.0,0.0,0.0,0.0,0.0,0.0,0.0
H Klaasen,60.0,2104.0,1320.0,50.0,42.08,159.39,105.0,13.0,2.0,0.0,0.0,0.0,0.0,0.0,0.0
H Sharma,0.0,0.0,0.0,0.0,0.0,0.0,0.0,0.0,0.0,2.0,30.0,57.0,0.0,11.4,0.0
HC Brook,11.0,190.0,159.0,9.0,21.11,119.5,100.0,0.0,1.0,0.0,0.0,0.0,0.0,0.0,0.0
HE van der Dussen,3.0,22.0,25.0,2.0,11.0,88.0,12.0,0.0,0.0,0.0,0.0,0.0,0.0,0.0,0.0
HF Gurney,1.0,1.0,5.0,0.0,1.0,20.0,1.0,0.0,0.0,8.0,169.0,238.0,7.0,8.45,34.0
HH Gibbs,36.0,886.0,837.0,32.0,27.69,105.85,69.0,6.0,0.0,0.0,0.0,0.0,0.0,0.0,0.0
HH Pandya,150.0,2964.0,2116.0,107.0,27.7,140.08,91.0,10.0,0.0,116.0,1865.0,2751.0,82.0,8.85,33.55
HM Amla,16.0,577.0,418.0,13.0,44.38,138.04,104.0,3.0,2.0,0.0,0.0,0.0,0.0,0.0,0.0
HR Shokeen,5.0,66.0,67.0,3.0,22.0,98.51,25.0,0.0,0.0,13.0,213.0,314.0,5.0,8.85,62.8
HV Patel,44.0,280.0,250.0,32.0,8.75,112.0,36.0,0.0,0.0,121.0,2654.0,3727.0,151.0,8.43,24.68
Harbhajan Singh,88.0,833.0,636.0,55.0,15.15,130.97,64.0,1.0,0.0,160.0,3496.0,4030.0,150.0,6.92,26.87
Harmeet Singh,4.0,18.0,12.0,4.0,4.5,150.0,14.0,0.0,0.0,27.0,549.0,697.0,26.0,7.62,26.81
Harmeet Singh (2),0.0,0.0,0.0,0.0,0.0,0.0,0.0,0.0,0.0,1.0,25.0,34.0,1.0,8.16,34.0
Harpreet Brar,27.0,249.0,217.0,12.0,20.75,114.75,29.0,0.0,0.0,48.0,875.0,1145.0,37.0,7.85,30.95
Harpreet Singh,8.0,123.0,119.0,7.0,17.57,103.36,41.0,0.0,0.0,0.0,0.0,0.0,0.0,0.0,0.0
Harsh Dubey,4.0,13.0,11.0,2.0,6.5,118.18,9.0,0.0,0.0,11.0,200.0,326.0,13.0,9.78,25.08
Harshit Rana,10.0,59.0,57.0,6.0,9.83,103.51,34.0,0.0,0.0,32.0,679.0,1029.0,40.0,9.09,25.72
Himmat Singh,5.0,92.0,74.0,3.0,30.67,124.32,40.0,0.0,0.0,0.0,0.0,0.0,0.0,0.0,0.0
I Malhotra,1.0,7.0,4.0,0.0,7.0,175.0,7.0,0.0,0.0,1.0,6.0,23.0,0.0,23.0,0.0
I Sharma,21.0,57.0,71.0,6.0,9.5,80.28,10.0,0.0,0.0,117.0,2546.0,3377.0,96.0,7.96,35.18
I Udana,4.0,15.0,11.0,3.0,5.0,136.36,10.0,0.0,0.0,10.0,182.0,282.0,8.0,9.3,35.25
IC Pandey,1.0,0.0,2.0,1.0,0.0,0.0,0.0,0.0,0.0,24.0,469.0,591.0,18.0,7.56,32.83
IC Porel,0.0,0.0,0.0,0.0,0.0,0.0,0.0,0.0,0.0,1.0,26.0,39.0,1.0,9.0,39.0
IK Pathan,82.0,1150.0,985.0,53.0,21.7,116.75,60.0,1.0,0.0,101.0,2113.0,2649.0,80.0,7.52,33.11
IR Jaggi,7.0,76.0,100.0,5.0,15.2,76.0,28.0,0.0,0.0,0.0,0.0,0.0,0.0,0.0,0.0
IS Sodhi,2.0,7.0,18.0,2.0,3.5,38.89,6.0,0.0,0.0,8.0,182.0,202.0,9.0,6.66,22.44
Imran Tahir,8.0,33.0,37.0,4.0,8.25,89.19,13.0,0.0,0.0,59.0,1340.0,1703.0,82.0,7.63,20.77
Iqbal Abdulla,13.0,88.0,86.0,2.0,44.0,102.33,33.0,0.0,0.0,48.0,943.0,1109.0,40.0,7.06,27.72
Ishan Kishan,127.0,3600.0,2579.0,118.0,30.51,139.59,106.0,23.0,1.0,1.0,1.0,4.0,0.0,24.0,0.0
J Arunkumar,3.0,23.0,24.0,3.0,7.67,95.83,22.0,0.0,0.0,0.0,0.0,0.0,0.0,0.0,0.0
J Botha,28.0,409.0,364.0,20.0,20.45,112.36,67.0,1.0,0.0,34.0,709.0,800.0,25.0,6.77,32.0
J Fraser-McGurk,15.0,385.0,203.0,15.0,25.67,189.66,84.0,4.0,0.0,0.0,0.0,0.0,0.0,0.0,0.0
J Little,0.0,0.0,0.0,0.0,0.0,0.0,0.0,0.0,0.0,11.0,236.0,339.0,11.0,8.62,30.82
J Overton,8.0,151.0,98.0,5.0,30.2,154.08,43.0,0.0,0.0,13.0,217.0,332.0,14.0,9.18,23.71
J Suchith,9.0,70.0,62.0,4.0,17.5,112.9,34.0,0.0,0.0,21.0,434.0,602.0,19.0,8.32,31.68
J Syed Mohammad,5.0,29.0,27.0,2.0,14.5,107.41,13.0,0.0,0.0,11.0,196.0,283.0,8.0,8.66,35.38
J Theron,4.0,10.0,13.0,2.0,5.0,76.92,7.0,0.0,0.0,10.0,235.0,302.0,11.0,7.71,27.45
J Yadav,4.0,40.0,38.0,4.0,10.0,105.26,23.0,0.0,0.0,20.0,398.0,445.0,8.0,6.71,55.62
JA Duffy,0.0,0.0,0.0,0.0,0.0,0.0,0.0,0.0,0.0,6.0,156.0,263.0,9.0,10.12,29.22
JA Morkel,67.0,975.0,712.0,40.0,24.38,136.94,73.0,3.0,0.0,87.0,1807.0,2359.0,85.0,7.83,27.75
JA Richardson,3.0,17.0,27.0,3.0,5.67,62.96,15.0,0.0,0.0,4.0,94.0,157.0,3.0,10.02,52.33
JC Archer,40.0,326.0,232.0,25.0,13.04,140.52,32.0,0.0,0.0,68.0,1658.0,2161.0,84.0,7.82,25.73
JC Buttler,136.0,4647.0,3208.0,118.0,39.38,144.86,124.0,28.0,7.0,0.0,0.0,0.0,0.0,0.0,0.0
JD Ryder,29.0,604.0,466.0,28.0,21.57,129.61,86.0,4.0,0.0,16.0,241.0,303.0,8.0,7.54,37.88
JD Unadkat,28.0,201.0,173.0,16.0,12.56,116.18,26.0,0.0,0.0,115.0,2418.0,3504.0,114.0,8.69,30.74
JDP Oram,11.0,106.0,110.0,8.0,13.25,96.36,41.0,0.0,0.0,14.0,244.0,349.0,9.0,8.58,38.78
JDS Neesham,10.0,92.0,93.0,9.0,10.22,98.92,22.0,0.0,0.0,13.0,222.0,334.0,8.0,9.03,41.75
JE Root,1.0,10.0,15.0,1.0,10.0,66.67,10.0,0.0,0.0,1.0,12.0,14.0,0.0,7.0,0.0
JE Taylor,2.0,3.0,4.0,1.0,3.0,75.0,2.0,0.0,0.0,5.0,122.0,157.0,6.0,7.72,26.17
JEC Franklin,16.0,327.0,309.0,11.0,29.73,105.83,79.0,1.0,0.0,15.0,155.0,220.0,9.0,8.52,24.44
JG Bethell,9.0,163.0,120.0,9.0,18.11,135.83,55.0,1.0,0.0,0.0,0.0,0.0,0.0,0.0,0.0
JH Kallis,95.0,2427.0,2291.0,85.0,28.55,105.94,89.0,17.0,0.0,89.0,1799.0,2293.0,65.0,7.65,35.28
JJ Bumrah,29.0,75.0,89.0,8.0,9.38,84.27,16.0,0.0,0.0,158.0,3792.0,4469.0,190.0,7.07,23.52
JJ Roy,21.0,614.0,460.0,19.0,32.32,133.48,91.0,4.0,0.0,0.0,0.0,0.0,0.0,0.0,0.0
JJ van der Wath,3.0,18.0,17.0,2.0,9.0,105.88,14.0,0.0,0.0,3.0,76.0,129.0,3.0,10.18,43.0
JL Denly,1.0,0.0,1.0,1.0,0.0,0.0,0.0,0.0,0.0,0.0,0.0,0.0,0.0,0.0,0.0
JL Pattinson,2.0,15.0,13.0,1.0,15.0,115.38,11.0,0.0,0.0,10.0,222.0,320.0,11.0,8.65,29.09
JM Bairstow,52.0,1674.0,1181.0,48.0,34.88,141.74,114.0,9.0,2.0,0.0,0.0,0.0,0.0,0.0,0.0
JM Kemp,2.0,26.0,25.0,2.0,13.0,104.0,22.0,0.0,0.0,5.0,47.0,54.0,3.0,6.89,18.0
JM Sharma,59.0,1107.0,752.0,48.0,23.06,147.21,85.0,1.0,0.0,0.0,0.0,0.0,0.0,0.0,0.0
JO Holder,34.0,324.0,272.0,26.0,12.46,119.12,47.0,0.0,0.0,57.0,1285.0,1751.0,70.0,8.18,25.01
JP Behrendorff,2.0,6.0,9.0,0.0,6.0,66.67,3.0,0.0,0.0,17.0,379.0,552.0,19.0,8.74,29.05
JP Duminy,75.0,2029.0,1680.0,51.0,39.78,120.77,78.0,14.0,0.0,49.0,701.0,834.0,23.0,7.14,36.26
JP Faulkner,45.0,527.0,406.0,26.0,20.27,129.8,46.0,0.0,0.0,60.0,1287.0,1799.0,61.0,8.39,29.49
JP Inglis,16.0,544.0,328.0,14.0,38.86,165.85,85.0,4.0,0.0,0.0,0.0,0.0,0.0,0.0,0.0
JPR Scantlebury-Searles,2.0,8.0,6.0,1.0,8.0,133.33,6.0,0.0,0.0,3.0,45.0,89.0,2.0,11.87,44.5
JR Hazlewood,8.0,19.0,31.0,1.0,19.0,61.29,7.0,0.0,0.0,52.0,1214.0,1690.0,72.0,8.35,23.47
JR Hopes,19.0,417.0,314.0,16.0,26.06,132.8,71.0,4.0,0.0,20.0,369.0,548.0,14.0,8.91,39.14
JR Philippe,5.0,78.0,80.0,4.0,19.5,97.5,33.0,0.0,0.0,0.0,0.0,0.0,0.0,0.0,0.0
JW Hastings,0.0,0.0,0.0,0.0,0.0,0.0,0.0,0.0,0.0,3.0,61.0,66.0,3.0,6.49,22.0
Jalaj S Saxena,0.0,0.0,0.0,0.0,0.0,0.0,0.0,0.0,0.0,1.0,18.0,27.0,0.0,9.0,0.0
Jaskaran Singh,4.0,8.0,11.0,1.0,8.0,72.73,4.0,0.0,0.0,7.0,111.0,171.0,6.0,9.24,28.5
Joginder Sharma,5.0,36.0,30.0,4.0,9.0,120.0,16.0,0.0,0.0,15.0,272.0,419.0,12.0,9.24,34.92
K Goel,16.0,218.0,239.0,15.0,14.53,91.21,38.0,0.0,0.0,6.0,67.0,93.0,0.0,8.33,0.0
K Gowtham,27.0,247.0,159.0,18.0,13.72,155.35,33.0,0.0,0.0,35.0,599.0,808.0,21.0,8.09,38.48
K Kartikeya,4.0,12.0,18.0,4.0,3.0,66.67,6.0,0.0,0.0,16.0,290.0,407.0,12.0,8.42,33.92
K Khejroliya,0.0,0.0,0.0,0.0,0.0,0.0,0.0,0.0,0.0,9.0,163.0,277.0,6.0,10.2,46.17
K Rabada,34.0,262.0,256.0,20.0,13.1,102.34,44.0,0.0,0.0,101.0,2395.0,3367.0,151.0,8.44,22.3
K Santokie,0.0,0.0,0.0,0.0,0.0,0.0,0.0,0.0,0.0,2.0,51.0,90.0,3.0,10.59,30.0
K Upadhyay,2.0,12.0,9.0,0.0,12.0,133.33,11.0,0.0,0.0,3.0,56.0,81.0,0.0,8.68,0.0
K Yadav,1.0,0.0,4.0,0.0,0.0,0.0,0.0,0.0,0.0,3.0,54.0,84.0,2.0,9.33,42.0
KA Jamieson,10.0,77.0,74.0,5.0,15.4,104.05,16.0,0.0,0.0,15.0,315.0,506.0,16.0,9.64,31.62
KA Maharaj,1.0,1.0,2.0,1.0,1.0,50.0,1.0,0.0,0.0,2.0,36.0,39.0,2.0,6.5,19.5
KA Pollard,168.0,3437.0,2447.0,121.0,28.4,140.46,87.0,16.0,0.0,107.0,1586.0,2180.0,69.0,8.25,31.59
KAJ Roach,1.0,10.0,9.0,1.0,10.0,111.11,10.0,0.0,0.0,2.0,52.0,80.0,0.0,9.23,0.0
KB Arun Karthik,8.0,51.0,53.0,5.0,10.2,96.23,19.0,0.0,0.0,0.0,0.0,0.0,0.0,0.0,0.0
KC Cariappa,5.0,24.0,21.0,3.0,8.0,114.29,12.0,0.0,0.0,11.0,224.0,348.0,8.0,9.32,43.5
KC Sangakkara,68.0,1687.0,1424.0,65.0,25.95,118.47,94.0,10.0,0.0,0.0,0.0,0.0,0.0,0.0,0.0
KD Karthik,233.0,4843.0,3687.0,184.0,26.32,131.35,97.0,22.0,0.0,0.0,0.0,0.0,0.0,0.0,0.0
KH Pandya,123.0,1982.0,1539.0,87.0,22.78,128.78,86.0,3.0,0.0,147.0,2779.0,3410.0,107.0,7.36,31.87
KJ Abbott,3.0,13.0,8.0,1.0,13.0,162.5,12.0,0.0,0.0,5.0,102.0,177.0,2.0,10.41,88.5
KK Ahmed,6.0,2.0,9.0,5.0,0.4,22.22,1.0,0.0,0.0,76.0,1741.0,2474.0,91.0,8.53,27.19
KK Cooper,12.0,116.0,70.0,9.0,12.89,165.71,32.0,0.0,0.0,25.0,600.0,757.0,33.0,7.57,22.94
KK Nair,78.0,1712.0,1332.0,73.0,23.45,128.53,89.0,11.0,0.0,0.0,0.0,0.0,0.0,0.0,0.0
KL Nagarkoti,7.0,22.0,34.0,4.0,5.5,64.71,8.0,0.0,0.0,11.0,185.0,285.0,5.0,9.24,57.0
KL Rahul,149.0,5828.0,4302.0,128.0,45.53,135.47,152.0,45.0,6.0,0.0,0.0,0.0,0.0,0.0,0.0
KM Asif,1.0,0.0,2.0,1.0,0.0,0.0,0.0,0.0,0.0,7.0,143.0,231.0,7.0,9.69,33.0
KM Jadhav,81.0,1208.0,1012.0,54.0,22.37,119.37,69.0,4.0,0.0,0.0,0.0,0.0,0.0,0.0,0.0
KMA Paul,5.0,18.0,26.0,5.0,3.6,69.23,7.0,0.0,0.0,8.0,180.0,237.0,9.0,7.9,26.33
KMDN Kulasekara,1.0,5.0,3.0,0.0,5.0,166.67,5.0,0.0,0.0,5.0,107.0,120.0,5.0,6.73,24.0
KP Appanna,3.0,2.0,4.0,1.0,2.0,50.0,1.0,0.0,0.0,13.0,222.0,286.0,9.0,7.73,31.78
KP Pietersen,36.0,1001.0,758.0,28.0,35.75,132.06,103.0,4.0,1.0,13.0,180.0,215.0,7.0,7.17,30.71
KR Mayers,13.0,379.0,276.0,13.0,29.15,137.32,73.0,4.0,0.0,6.0,46.0,59.0,0.0,7.7,0.0
KR Sen,1.0,0.0,3.0,0.0,0.0,0.0,0.0,0.0,0.0,12.0,255.0,387.0,14.0,9.11,27.64
KS Bharat,8.0,199.0,168.0,7.0,28.43,118.45,78.0,1.0,0.0,0.0,0.0,0.0,0.0,0.0,0.0
KS Rathore,1.0,0.0,5.0,1.0,0.0,0.0,0.0,0.0,0.0,0.0,0.0,0.0,0.0,0.0,0.0
KS Sharma,3.0,16.0,25.0,3.0,5.33,64.0,9.0,0.0,0.0,0.0,0.0,0.0,0.0,0.0,0.0
KS Williamson,76.0,2132.0,1734.0,60.0,35.53,122.95,89.0,18.0,0.0,2.0,18.0,31.0,0.0,10.33,0.0
KT Maphaka,1.0,8.0,3.0,0.0,8.0,266.67,8.0,0.0,0.0,4.0,71.0,143.0,2.0,12.08,71.5
KV Sharma,40.0,352.0,307.0,26.0,13.54,114.66,39.0,0.0,0.0,87.0,1611.0,2215.0,83.0,8.25,26.69
KW Richardson,4.0,36.0,39.0,3.0,12.0,92.31,26.0,0.0,0.0,15.0,345.0,472.0,19.0,8.21,24.84
Kamran Akmal,6.0,128.0,78.0,5.0,25.6,164.1,53.0,1.0,0.0,0.0,0.0,0.0,0.0,0.0,0.0
Kamran Khan,1.0,3.0,5.0,1.0,3.0,60.0,3.0,0.0,0.0,9.0,177.0,239.0,10.0,8.1,23.9
Karanveer Singh,4.0,12.0,17.0,1.0,12.0,70.59,5.0,0.0,0.0,9.0,213.0,321.0,12.0,9.04,26.75
Karim Janat,0.0,0.0,0.0,0.0,0.0,0.0,0.0,0.0,0.0,1.0,6.0,30.0,0.0,30.0,0.0
Kartik Sharma,11.0,295.0,220.0,9.0,32.78,134.09,71.0,2.0,0.0,0.0,0.0,0.0,0.0,0.0,0.0
Kartik Tyagi,9.0,24.0,26.0,7.0,3.43,92.31,7.0,0.0,0.0,33.0,775.0,1211.0,33.0,9.38,36.7
Krish Bhagat,2.0,10.0,21.0,1.0,10.0,47.62,7.0,0.0,0.0,3.0,36.0,63.0,0.0,10.5,0.0
Kuldeep Yadav,41.0,210.0,263.0,18.0,11.67,79.85,35.0,0.0,0.0,107.0,2336.0,3159.0,112.0,8.11,28.21
Kumar Kushagra,4.0,21.0,21.0,4.0,5.25,100.0,18.0,0.0,0.0,0.0,0.0,0.0,0.0,0.0,0.0
L Ablish,1.0,0.0,2.0,0.0,0.0,0.0,0.0,0.0,0.0,3.0,45.0,75.0,3.0,10.0,25.0
L Balaji,13.0,36.0,50.0,8.0,4.5,72.0,15.0,0.0,0.0,73.0,1574.0,2028.0,76.0,7.73,26.68
L Ngidi,4.0,4.0,9.0,2.0,2.0,44.44,3.0,0.0,0.0,27.0,645.0,869.0,42.0,8.08,20.69
L Ronchi,5.0,34.0,37.0,5.0,6.8,91.89,13.0,0.0,0.0,0.0,0.0,0.0,0.0,0.0,0.0
L Wood,1.0,9.0,3.0,0.0,9.0,300.0,9.0,0.0,0.0,2.0,38.0,93.0,1.0,14.68,93.0
LA Carseldine,5.0,81.0,71.0,4.0,20.25,114.08,39.0,0.0,0.0,1.0,7.0,6.0,1.0,5.14,6.0
LA Pomersbach,16.0,302.0,251.0,11.0,27.45,120.32,79.0,1.0,0.0,0.0,0.0,0.0,0.0,0.0,0.0
LB Williams,1.0,1.0,2.0,0.0,1.0,50.0,1.0,0.0,0.0,2.0,42.0,72.0,1.0,10.29,72.0
LE Plunkett,2.0,1.0,3.0,1.0,1.0,33.33,1.0,0.0,0.0,7.0,154.0,225.0,4.0,8.77,56.25
LG Pretorius,2.0,7.0,8.0,2.0,3.5,87.5,7.0,0.0,0.0,0.0,0.0,0.0,0.0,0.0,0.0
LH Ferguson,8.0,72.0,49.0,3.0,24.0,146.94,24.0,0.0,0.0,52.0,1148.0,1673.0,54.0,8.74,30.98
LI Meriwala,0.0,0.0,0.0,0.0,0.0,0.0,0.0,0.0,0.0,1.0,19.0,32.0,1.0,10.11,32.0
LJ Wright,5.0,106.0,63.0,5.0,21.2,168.25,44.0,0.0,0.0,6.0,75.0,124.0,2.0,9.92,62.0
LMP Simmons,29.0,1079.0,878.0,27.0,39.96,122.89,100.0,11.0,1.0,1.0,18.0,34.0,1.0,11.33,34.0
LPC Silva,3.0,40.0,27.0,2.0,20.0,148.15,23.0,0.0,0.0,1.0,6.0,21.0,0.0,21.0,0.0
LR Shukla,33.0,405.0,358.0,27.0,15.0,113.13,48.0,0.0,0.0,27.0,326.0,447.0,15.0,8.23,29.8
LRPL Taylor,54.0,1017.0,847.0,40.0,25.42,120.07,81.0,3.0,0.0,2.0,13.0,24.0,0.0,11.08,0.0
LS Livingstone,49.0,1066.0,725.0,42.0,25.38,147.03,94.0,7.0,0.0,27.0,321.0,469.0,13.0,8.77,36.08
Lalit Yadav,21.0,305.0,301.0,16.0,19.06,101.33,48.0,0.0,0.0,19.0,294.0,425.0,10.0,8.67,42.5
Liton Das,1.0,4.0,4.0,1.0,4.0,100.0,4.0,0.0,0.0,0.0,0.0,0.0,0.0,0.0,0.0
M Ashwin,12.0,35.0,50.0,9.0,3.89,70.0,9.0,0.0,0.0,44.0,898.0,1162.0,35.0,7.76,33.2
M Jansen,25.0,192.0,186.0,15.0,12.8,103.23,34.0,0.0,0.0,47.0,1081.0,1632.0,45.0,9.06,36.27
M Kaif,22.0,259.0,258.0,18.0,14.39,100.39,34.0,0.0,0.0,0.0,0.0,0.0,0.0,0.0,0.0
M Kartik,14.0,113.0,109.0,7.0,16.14,103.67,21.0,0.0,0.0,55.0,1182.0,1388.0,31.0,7.05,44.77
M Klinger,4.0,73.0,78.0,4.0,18.25,93.59,29.0,0.0,0.0,0.0,0.0,0.0,0.0,0.0,0.0
M Manhas,38.0,514.0,486.0,23.0,22.35,105.76,42.0,0.0,0.0,3.0,42.0,42.0,0.0,6.0,0.0
M Markande,10.0,48.0,44.0,3.0,16.0,109.09,18.0,0.0,0.0,40.0,768.0,1145.0,37.0,8.95,30.95
M Morkel,20.0,126.0,93.0,11.0,11.45,135.48,23.0,0.0,0.0,70.0,1699.0,2089.0,77.0,7.38,27.13
M Muralitharan,9.0,20.0,30.0,6.0,3.33,66.67,6.0,0.0,0.0,66.0,1581.0,1706.0,64.0,6.47,26.66
M Ntini,2.0,11.0,19.0,1.0,11.0,57.89,11.0,0.0,0.0,9.0,213.0,242.0,7.0,6.82,34.57
M Pathirana,0.0,0.0,0.0,0.0,0.0,0.0,0.0,0.0,0.0,33.0,797.0,1025.0,47.0,7.72,21.81
M Prasidh Krishna,8.0,15.0,31.0,3.0,5.0,48.39,6.0,0.0,0.0,78.0,1837.0,2608.0,91.0,8.52,28.66
M Rawat,11.0,55.0,70.0,5.0,11.0,78.57,23.0,0.0,0.0,0.0,0.0,0.0,0.0,0.0,0.0
M Shahrukh Khan,53.0,775.0,551.0,38.0,20.39,140.65,58.0,2.0,0.0,3.0,18.0,28.0,1.0,9.33,28.0
M Siddharth,0.0,0.0,0.0,0.0,0.0,0.0,0.0,0.0,0.0,9.0,193.0,283.0,9.0,8.8,31.44
M Theekshana,6.0,17.0,34.0,3.0,5.67,50.0,7.0,0.0,0.0,38.0,902.0,1207.0,36.0,8.03,33.53
M Tiwari,2.0,21.0,12.0,1.0,21.0,175.0,18.0,0.0,0.0,4.0,75.0,101.0,4.0,8.08,25.25
M Vijay,105.0,2619.0,2208.0,101.0,25.93,118.61,127.0,13.0,2.0,4.0,37.0,49.0,0.0,7.95,0.0
M Vohra,51.0,1083.0,863.0,49.0,22.1,125.49,95.0,3.0,0.0,0.0,0.0,0.0,0.0,0.0,0.0
M de Lange,1.0,1.0,2.0,1.0,1.0,50.0,1.0,0.0,0.0,5.0,116.0,169.0,5.0,8.74,33.8
MA Agarwal,125.0,2764.0,2146.0,120.0,23.03,128.8,106.0,13.0,1.0,0.0,0.0,0.0,0.0,0.0,0.0
MA Khote,3.0,24.0,22.0,2.0,12.0,109.09,9.0,0.0,0.0,2.0,30.0,51.0,2.0,10.2,25.5
MA Starc,22.0,111.0,122.0,12.0,9.25,90.98,29.0,0.0,0.0,56.0,1264.0,1761.0,76.0,8.36,23.17
MA Wood,3.0,12.0,10.0,2.0,6.0,120.0,10.0,0.0,0.0,5.0,127.0,179.0,11.0,8.46,16.27
MB Parmar,0.0,0.0,0.0,0.0,0.0,0.0,0.0,0.0,0.0,1.0,19.0,33.0,0.0,10.42,0.0
MC Henriques,54.0,1000.0,801.0,36.0,27.78,124.84,74.0,5.0,0.0,60.0,979.0,1289.0,42.0,7.9,30.69
MC Juneja,7.0,125.0,134.0,7.0,17.86,93.28,49.0,0.0,0.0,0.0,0.0,0.0,0.0,0.0,0.0
MD Choudhary,10.0,170.0,122.0,6.0,28.33,139.34,54.0,1.0,0.0,0.0,0.0,0.0,0.0,0.0,0.0
MD Mishra,17.0,237.0,213.0,16.0,14.81,111.27,41.0,0.0,0.0,0.0,0.0,0.0,0.0,0.0,0.0
MD Shanaka,8.0,89.0,74.0,7.0,12.71,120.27,29.0,0.0,0.0,3.0,38.0,60.0,1.0,9.47,60.0
MDKJ Perera,2.0,14.0,13.0,2.0,7.0,107.69,14.0,0.0,0.0,0.0,0.0,0.0,0.0,0.0,0.0
MEK Hussey,58.0,1977.0,1648.0,51.0,38.76,119.96,116.0,15.0,1.0,0.0,0.0,0.0,0.0,0.0,0.0
MF Maharoof,14.0,177.0,124.0,10.0,17.7,142.74,39.0,0.0,0.0,20.0,441.0,520.0,27.0,7.07,19.26
MG Bracewell,4.0,58.0,49.0,2.0,29.0,118.37,26.0,0.0,0.0,5.0,66.0,95.0,6.0,8.64,15.83
MG Johnson,28.0,167.0,168.0,13.0,12.85,99.4,16.0,0.0,0.0,54.0,1301.0,1708.0,62.0,7.88,27.55
MG Neser,0.0,0.0,0.0,0.0,0.0,0.0,0.0,0.0,0.0,1.0,25.0,62.0,0.0,14.88,0.0
MJ Clarke,6.0,98.0,96.0,6.0,16.33,102.08,41.0,0.0,0.0,5.0,66.0,67.0,2.0,6.09,33.5
MJ Guptill,13.0,271.0,197.0,12.0,22.58,137.56,50.0,1.0,0.0,0.0,0.0,0.0,0.0,0.0,0.0
MJ Henry,2.0,7.0,10.0,2.0,3.5,70.0,5.0,0.0,0.0,9.0,166.0,311.0,4.0,11.24,77.75
MJ Lumb,12.0,278.0,198.0,12.0,23.17,140.4,83.0,1.0,0.0,0.0,0.0,0.0,0.0,0.0,0.0
MJ McClenaghan,20.0,85.0,73.0,13.0,6.54,116.44,20.0,0.0,0.0,56.0,1346.0,1803.0,71.0,8.04,25.39
MJ Owen,1.0,0.0,2.0,1.0,0.0,0.0,0.0,0.0,0.0,0.0,0.0,0.0,0.0,0.0,0.0
MJ Santner,21.0,136.0,132.0,8.0,17.0,103.03,22.0,0.0,0.0,35.0,704.0,860.0,30.0,7.33,28.67
MJ Suthar,1.0,1.0,2.0,1.0,1.0,50.0,1.0,0.0,0.0,4.0,50.0,94.0,2.0,11.28,47.0
MK Lomror,35.0,527.0,389.0,29.0,18.17,135.48,54.0,1.0,0.0,11.0,94.0,127.0,1.0,8.11,127.0
MK Pandey,163.0,4021.0,3406.0,137.0,29.35,118.06,114.0,22.0,1.0,0.0,0.0,0.0,0.0,0.0,0.0
MK Tiwary,83.0,1695.0,1489.0,59.0,28.73,113.83,75.0,7.0,0.0,6.0,45.0,83.0,1.0,11.07,83.0
ML Hayden,32.0,1107.0,839.0,31.0,35.71,131.94,93.0,8.0,0.0,0.0,0.0,0.0,0.0,0.0,0.0
MM Ali,59.0,1167.0,865.0,53.0,22.02,134.91,93.0,6.0,0.0,57.0,869.0,1029.0,41.0,7.1,25.1
MM Patel,12.0,39.0,41.0,6.0,6.5,95.12,23.0,0.0,0.0,63.0,1382.0,1698.0,74.0,7.37,22.95
MM Sharma,30.0,125.0,140.0,18.0,6.94,89.29,21.0,0.0,0.0,119.0,2471.0,3513.0,134.0,8.53,26.22
MN Samuels,14.0,161.0,174.0,13.0,12.38,92.53,46.0,0.0,0.0,11.0,219.0,284.0,9.0,7.78,31.56
MN van Wyk,5.0,167.0,135.0,3.0,55.67,123.7,74.0,1.0,0.0,0.0,0.0,0.0,0.0,0.0,0.0
MP Breetzke,1.0,14.0,12.0,1.0,14.0,116.67,14.0,0.0,0.0,0.0,0.0,0.0,0.0,0.0,0.0
MP Stoinis,108.0,2242.0,1588.0,78.0,28.74,141.18,124.0,10.0,1.0,75.0,975.0,1547.0,46.0,9.52,33.63
MP Yadav,1.0,5.0,6.0,1.0,5.0,83.33,5.0,0.0,0.0,10.0,230.0,367.0,9.0,9.57,40.78
MR Marsh,62.0,1855.0,1291.0,60.0,30.92,143.69,117.0,12.0,2.0,34.0,593.0,795.0,37.0,8.04,21.49
MS Bhandage,1.0,1.0,4.0,1.0,1.0,25.0,1.0,0.0,0.0,0.0,0.0,0.0,0.0,0.0,0.0
MS Bisla,39.0,798.0,737.0,38.0,21.0,108.28,92.0,4.0,0.0,0.0,0.0,0.0,0.0,0.0,0.0
MS Dhoni,241.0,5439.0,4101.0,142.0,38.3,132.63,84.0,24.0,0.0,0.0,0.0,0.0,0.0,0.0,0.0
MS Gony,15.0,99.0,76.0,10.0,9.9,130.26,42.0,0.0,0.0,44.0,925.0,1287.0,37.0,8.35,34.78
MS Wade,14.0,183.0,185.0,14.0,13.07,98.92,35.0,0.0,0.0,0.0,0.0,0.0,0.0,0.0,0.0
MV Boucher,23.0,394.0,318.0,14.0,28.14,123.9,50.0,1.0,0.0,0.0,0.0,0.0,0.0,0.0,0.0
MW Short,9.0,177.0,153.0,9.0,19.67,115.69,36.0,0.0,0.0,5.0,45.0,64.0,0.0,8.53,0.0
Mandeep Singh,97.0,1706.0,1418.0,82.0,20.8,120.31,77.0,6.0,0.0,2.0,12.0,26.0,0.0,13.0,0.0
Mashrafe Mortaza,1.0,2.0,2.0,0.0,2.0,100.0,2.0,0.0,0.0,1.0,28.0,58.0,0.0,12.43,0.0
Mayank Dagar,1.0,0.0,1.0,1.0,0.0,0.0,0.0,0.0,0.0,8.0,138.0,203.0,2.0,8.83,101.5
Misbah-ul-Haq,8.0,117.0,82.0,7.0,16.71,142.68,47.0,0.0,0.0,0.0,0.0,0.0,0.0,0.0,0.0
Mohammad Ashraful,1.0,2.0,12.0,1.0,2.0,16.67,2.0,0.0,0.0,0.0,0.0,0.0,0.0,0.0,0.0
Mohammad Asif,2.0,3.0,6.0,2.0,1.5,50.0,3.0,0.0,0.0,8.0,199.0,296.0,8.0,8.92,37.0
Mohammad Hafeez,8.0,64.0,84.0,7.0,9.14,76.19,16.0,0.0,0.0,4.0,63.0,68.0,2.0,6.48,34.0
Mohammad Nabi,19.0,221.0,157.0,17.0,13.0,140.76,37.0,0.0,0.0,23.0,419.0,517.0,15.0,7.4,34.47
Mohammed Shami,34.0,115.0,116.0,19.0,6.05,99.14,21.0,0.0,0.0,132.0,3035.0,4216.0,145.0,8.33,29.08
Mohammed Siraj,23.0,117.0,144.0,12.0,9.75,81.25,14.0,0.0,0.0,125.0,2834.0,3911.0,128.0,8.28,30.55
Mohit Rathee,1.0,1.0,2.0,0.0,1.0,50.0,1.0,0.0,0.0,1.0,12.0,29.0,0.0,14.5,0.0
Mohsin Khan,7.0,25.0,31.0,5.0,5.0,80.65,13.0,0.0,0.0,30.0,678.0,917.0,38.0,8.12,24.13
Monu Kumar,0.0,0.0,0.0,0.0,0.0,0.0,0.0,0.0,0.0,1.0,16.0,20.0,0.0,7.5,0.0
Mujeeb Ur Rahman,6.0,12.0,15.0,3.0,4.0,80.0,10.0,0.0,0.0,20.0,465.0,620.0,20.0,8.0,31.0
Mukesh Choudhary,3.0,8.0,8.0,1.0,8.0,100.0,4.0,0.0,0.0,24.0,512.0,771.0,25.0,9.04,30.84
Mukesh Kumar,5.0,10.0,20.0,1.0,10.0,50.0,6.0,0.0,0.0,42.0,879.0,1455.0,42.0,9.93,34.64
Musheer Khan,1.0,0.0,3.0,1.0,0.0,0.0,0.0,0.0,0.0,1.0,12.0,27.0,1.0,13.5,27.0
Mustafizur Rahman,7.0,13.0,24.0,2.0,6.5,54.17,8.0,0.0,0.0,60.0,1419.0,1849.0,65.0,7.82,28.45
N Burger,3.0,14.0,9.0,1.0,14.0,155.56,10.0,0.0,0.0,18.0,383.0,585.0,21.0,9.16,27.86
N Jagadeesan,10.0,162.0,155.0,9.0,18.0,104.52,39.0,0.0,0.0,0.0,0.0,0.0,0.0,0.0,0.0
N Pooran,100.0,2527.0,1629.0,83.0,30.45,155.13,87.0,15.0,0.0,0.0,0.0,0.0,0.0,0.0,0.0
N Rana,121.0,3078.0,2314.0,112.0,27.48,133.02,91.0,22.0,0.0,27.0,223.0,325.0,10.0,8.74,32.5
N Saini,10.0,140.0,143.0,10.0,14.0,97.9,50.0,1.0,0.0,0.0,0.0,0.0,0.0,0.0,0.0
N Sindhu,5.0,63.0,51.0,5.0,12.6,123.53,22.0,0.0,0.0,0.0,0.0,0.0,0.0,0.0,0.0
N Thushara,0.0,0.0,0.0,0.0,0.0,0.0,0.0,0.0,0.0,8.0,198.0,283.0,9.0,8.58,31.44
N Wadhera,37.0,784.0,583.0,33.0,23.76,134.48,70.0,4.0,0.0,2.0,17.0,22.0,0.0,7.76,0.0
NA Saini,6.0,31.0,36.0,3.0,10.33,86.11,12.0,0.0,0.0,28.0,621.0,843.0,18.0,8.14,46.83
NB Singh,0.0,0.0,0.0,0.0,0.0,0.0,0.0,0.0,0.0,2.0,25.0,15.0,1.0,3.6,15.0
ND Doshi,1.0,0.0,13.0,1.0,0.0,0.0,0.0,0.0,0.0,4.0,57.0,79.0,2.0,8.32,39.5
NJ Maddinson,3.0,20.0,21.0,3.0,6.67,95.24,12.0,0.0,0.0,0.0,0.0,0.0,0.0,0.0,0.0
NJ Rimmington,1.0,1.0,1.0,0.0,1.0,100.0,1.0,0.0,0.0,1.0,18.0,19.0,0.0,6.33,0.0
NL McCullum,2.0,26.0,23.0,1.0,26.0,113.04,15.0,0.0,0.0,2.0,30.0,34.0,0.0,6.8,0.0
NLTC Perera,30.0,424.0,326.0,22.0,19.27,130.06,40.0,0.0,0.0,36.0,715.0,1016.0,31.0,8.53,32.77
NM Coulter-Nile,16.0,82.0,75.0,11.0,7.45,109.33,24.0,0.0,0.0,38.0,892.0,1100.0,48.0,7.4,22.92
NS Naik,4.0,31.0,53.0,4.0,7.75,58.49,22.0,0.0,0.0,0.0,0.0,0.0,0.0,0.0,0.0
NT Ellis,5.0,19.0,26.0,4.0,4.75,73.08,12.0,0.0,0.0,17.0,390.0,546.0,19.0,8.4,28.74
NV Ojha,94.0,1554.0,1360.0,75.0,20.72,114.26,94.0,6.0,0.0,0.0,0.0,0.0,0.0,0.0,0.0
Naman Dhir,33.0,710.0,444.0,26.0,27.31,159.91,62.0,3.0,0.0,5.0,53.0,76.0,0.0,8.6,0.0
Navdeep Saini,1.0,2.0,2.0,1.0,2.0,100.0,2.0,0.0,0.0,5.0,95.0,174.0,6.0,10.99,29.0
Naveen-ul-Haq,4.0,18.0,26.0,1.0,18.0,69.23,13.0,0.0,0.0,17.0,407.0,591.0,25.0,8.71,23.64
Niraj Patel,6.0,121.0,124.0,4.0,30.25,97.58,57.0,1.0,0.0,0.0,0.0,0.0,0.0,0.0,0.0
Nithish Kumar Reddy,35.0,787.0,566.0,27.0,29.15,139.05,76.0,3.0,0.0,26.0,349.0,577.0,13.0,9.92,44.38
Noor Ahmad,15.0,31.0,59.0,11.0,2.82,52.54,8.0,0.0,0.0,51.0,1141.0,1495.0,61.0,7.86,24.51
O Thomas,0.0,0.0,0.0,0.0,0.0,0.0,0.0,0.0,0.0,4.0,63.0,79.0,5.0,7.52,15.8
OA Shah,22.0,506.0,405.0,15.0,33.73,124.94,76.0,4.0,0.0,0.0,0.0,0.0,0.0,0.0,0.0
OC McCoy,1.0,8.0,5.0,1.0,8.0,160.0,8.0,0.0,0.0,8.0,180.0,250.0,11.0,8.33,22.73
OF Smith,6.0,51.0,50.0,3.0,17.0,102.0,25.0,0.0,0.0,6.0,95.0,178.0,6.0,11.24,29.67
P Amarnath,0.0,0.0,0.0,0.0,0.0,0.0,0.0,0.0,0.0,6.0,132.0,236.0,7.0,10.73,33.71
P Awana,5.0,5.0,14.0,2.0,2.5,35.71,4.0,0.0,0.0,33.0,774.0,1029.0,39.0,7.98,26.38
P Chopra,1.0,8.0,6.0,1.0,8.0,133.33,8.0,0.0,0.0,0.0,0.0,0.0,0.0,0.0,0.0
P Dogra,12.0,127.0,141.0,11.0,11.55,90.07,41.0,0.0,0.0,0.0,0.0,0.0,0.0,0.0,0.0
P Dubey,2.0,23.0,33.0,1.0,23.0,69.7,16.0,0.0,0.0,5.0,79.0,111.0,2.0,8.43,55.5
P Kumar,57.0,340.0,323.0,38.0,8.95,105.26,34.0,0.0,0.0,119.0,2637.0,3251.0,90.0,7.4,36.12
P Negi,35.0,365.0,301.0,26.0,14.04,121.26,36.0,0.0,0.0,42.0,733.0,939.0,34.0,7.69,27.62
P Nissanka,10.0,278.0,180.0,10.0,27.8,154.44,62.0,2.0,0.0,0.0,0.0,0.0,0.0,0.0,0.0
P Parameswaran,2.0,1.0,3.0,0.0,1.0,33.33,1.0,0.0,0.0,8.0,159.0,224.0,9.0,8.45,24.89
P Prasanth,0.0,0.0,0.0,0.0,0.0,0.0,0.0,0.0,0.0,1.0,6.0,18.0,0.0,18.0,0.0
P Ray Barman,1.0,19.0,25.0,1.0,19.0,76.0,19.0,0.0,0.0,1.0,24.0,56.0,0.0,14.0,0.0
P Sahu,2.0,19.0,13.0,1.0,19.0,146.15,18.0,0.0,0.0,5.0,107.0,146.0,3.0,8.19,48.67
P Simran Singh,65.0,1865.0,1220.0,63.0,29.6,152.87,103.0,14.0,1.0,0.0,0.0,0.0,0.0,0.0,0.0
P Suyal,0.0,0.0,0.0,0.0,0.0,0.0,0.0,0.0,0.0,5.0,107.0,151.0,2.0,8.47,75.5
PA Patel,136.0,2848.0,2442.0,126.0,22.6,116.63,81.0,13.0,0.0,0.0,0.0,0.0,0.0,0.0,0.0
PA Reddy,10.0,164.0,167.0,10.0,16.4,98.2,42.0,0.0,0.0,0.0,0.0,0.0,0.0,0.0,0.0
PBB Rajapaksa,13.0,277.0,201.0,13.0,21.31,137.81,50.0,1.0,0.0,0.0,0.0,0.0,0.0,0.0,0.0
PC Valthaty,23.0,505.0,432.0,22.0,22.95,116.9,120.0,2.0,1.0,10.0,153.0,205.0,7.0,8.04,29.29
PD Collingwood,7.0,203.0,159.0,5.0,40.6,127.67,75.0,3.0,0.0,6.0,90.0,101.0,5.0,6.73,20.2
PD Salt,40.0,1258.0,746.0,37.0,34.0,168.63,89.0,12.0,0.0,0.0,0.0,0.0,0.0,0.0,0.0
PH Solanki,0.0,0.0,0.0,0.0,0.0,0.0,0.0,0.0,0.0,2.0,36.0,38.0,2.0,6.33,19.0
PHKD Mendis,5.0,92.0,72.0,4.0,23.0,127.78,32.0,0.0,0.0,4.0,42.0,60.0,2.0,8.57,30.0
PJ Cummins,51.0,642.0,437.0,33.0,19.45,146.91,66.0,3.0,0.0,80.0,1883.0,2680.0,87.0,8.54,30.8
PJ Sangwan,14.0,26.0,47.0,8.0,3.25,55.32,6.0,0.0,0.0,42.0,905.0,1240.0,38.0,8.22,32.63
PK Garg,19.0,273.0,247.0,18.0,15.17,110.53,51.0,1.0,0.0,0.0,0.0,0.0,0.0,0.0,0.0
PM Sarvesh Kumar,1.0,1.0,2.0,0.0,1.0,50.0,1.0,0.0,0.0,2.0,31.0,42.0,1.0,8.13,42.0
PN Mankad,5.0,97.0,75.0,3.0,32.33,129.33,64.0,1.0,0.0,0.0,0.0,0.0,0.0,0.0,0.0
PP Chawla,86.0,624.0,580.0,56.0,11.14,107.59,24.0,0.0,0.0,191.0,3895.0,5108.0,192.0,7.87,26.6
PP Hinge,2.0,3.0,9.0,1.0,3.0,33.33,3.0,0.0,0.0,7.0,168.0,305.0,14.0,10.89,21.79
PP Ojha,19.0,16.0,45.0,12.0,1.33,35.56,3.0,0.0,0.0,90.0,1945.0,2332.0,89.0,7.19,26.2
PP Shaw,79.0,1892.0,1321.0,79.0,23.95,143.22,99.0,14.0,0.0,0.0,0.0,0.0,0.0,0.0,0.0
PR Shah,9.0,92.0,97.0,8.0,11.5,94.85,29.0,0.0,0.0,0.0,0.0,0.0,0.0,0.0,0.0
PR Veer,5.0,90.0,72.0,2.0,45.0,125.0,43.0,0.0,0.0,1.0,12.0,25.0,0.0,12.5,0.0
PSP Handscomb,1.0,6.0,12.0,1.0,6.0,50.0,6.0,0.0,0.0,0.0,0.0,0.0,0.0,0.0,0.0
PV Tambe,6.0,18.0,39.0,2.0,9.0,46.15,7.0,0.0,0.0,33.0,674.0,853.0,28.0,7.59,30.46
PVD Chameera,11.0,53.0,49.0,4.0,13.25,108.16,17.0,0.0,0.0,20.0,420.0,648.0,13.0,9.26,49.85
PVSN Raju,1.0,1.0,1.0,0.0,1.0,100.0,1.0,0.0,0.0,2.0,29.0,53.0,1.0,10.97,53.0
PWA Mulder,1.0,9.0,12.0,1.0,9.0,75.0,9.0,0.0,0.0,1.0,6.0,16.0,0.0,16.0,0.0
PWH de Silva,19.0,81.0,95.0,15.0,5.4,85.26,18.0,0.0,0.0,37.0,808.0,1119.0,46.0,8.31,24.33
Pankaj Singh,5.0,7.0,12.0,2.0,3.5,58.33,4.0,0.0,0.0,17.0,311.0,468.0,11.0,9.03,42.55
Parvez Rasool,4.0,17.0,20.0,2.0,8.5,85.0,10.0,0.0,0.0,11.0,200.0,271.0,4.0,8.13,67.75
Prince Yadav,3.0,5.0,12.0,0.0,5.0,41.67,4.0,0.0,0.0,20.0,475.0,688.0,19.0,8.69,36.21
Priyansh Arya,31.0,909.0,491.0,31.0,29.32,185.13,103.0,6.0,1.0,0.0,0.0,0.0,0.0,0.0,0.0
Q de Kock,118.0,3444.0,2618.0,111.0,31.03,131.55,140.0,24.0,3.0,0.0,0.0,0.0,0.0,0.0,0.0
R Ashwin,93.0,833.0,728.0,64.0,13.02,114.42,50.0,1.0,0.0,217.0,4868.0,5652.0,187.0,6.97,30.22
R Bhatia,47.0,342.0,290.0,30.0,11.4,117.93,26.0,0.0,0.0,91.0,1661.0,2020.0,71.0,7.3,28.45
R Bishnoi,3.0,19.0,17.0,3.0,6.33,111.76,18.0,0.0,0.0,0.0,0.0,0.0,0.0,0.0,0.0
R Dhawan,22.0,210.0,188.0,11.0,19.09,111.7,25.0,0.0,0.0,36.0,693.0,891.0,25.0,7.71,35.64
R Dravid,82.0,2174.0,1918.0,77.0,28.23,113.35,75.0,11.0,0.0,0.0,0.0,0.0,0.0,0.0,0.0
R Goyal,0.0,0.0,0.0,0.0,0.0,0.0,0.0,0.0,0.0,1.0,24.0,33.0,0.0,8.25,0.0
R McLaren,13.0,159.0,178.0,8.0,19.88,89.33,51.0,1.0,0.0,18.0,372.0,542.0,12.0,8.74,45.17
R Minz,4.0,12.0,20.0,3.0,4.0,60.0,5.0,0.0,0.0,0.0,0.0,0.0,0.0,0.0,0.0
R Ninan,1.0,3.0,6.0,1.0,3.0,50.0,3.0,0.0,0.0,2.0,36.0,65.0,3.0,10.83,21.67
R Parag,86.0,1879.0,1359.0,74.0,25.39,138.26,95.0,9.0,0.0,34.0,334.0,515.0,9.0,9.25,57.22
R Powell,30.0,555.0,409.0,25.0,22.2,135.7,67.0,1.0,0.0,2.0,21.0,35.0,1.0,10.0,35.0
R Rampaul,7.0,51.0,52.0,5.0,10.2,98.08,23.0,0.0,0.0,12.0,278.0,309.0,16.0,6.67,19.31
R Ravindra,18.0,413.0,298.0,17.0,24.29,138.59,65.0,2.0,0.0,2.0,12.0,7.0,0.0,3.5,0.0
R Sai Kishore,4.0,18.0,16.0,4.0,4.5,112.5,13.0,0.0,0.0,27.0,477.0,697.0,33.0,8.77,21.12
R Sanjay Yadav,1.0,0.0,2.0,1.0,0.0,0.0,0.0,0.0,0.0,1.0,14.0,23.0,0.0,9.86,0.0
R Sathish,24.0,270.0,236.0,17.0,15.88,114.41,27.0,0.0,0.0,14.0,144.0,232.0,3.0,9.67,77.33
R Sharma,19.0,66.0,77.0,14.0,4.71,85.71,14.0,0.0,0.0,44.0,935.0,1086.0,40.0,6.97,27.15
R Shepherd,19.0,268.0,161.0,11.0,24.36,166.46,53.0,1.0,0.0,28.0,381.0,706.0,17.0,11.12,41.53
R Shukla,4.0,19.0,23.0,1.0,19.0,82.61,14.0,0.0,0.0,7.0,130.0,208.0,5.0,9.6,41.6
R Smaran,4.0,19.0,25.0,3.0,6.33,76.0,9.0,0.0,0.0,0.0,0.0,0.0,0.0,0.0,0.0
R Tewatia,91.0,1302.0,994.0,55.0,23.67,130.99,68.0,2.0,0.0,52.0,866.0,1111.0,32.0,7.7,34.72
R Vinay Kumar,42.0,310.0,289.0,28.0,11.07,107.27,26.0,0.0,0.0,104.0,2186.0,2986.0,105.0,8.2,28.44
RA Bawa,4.0,35.0,32.0,3.0,11.67,109.38,16.0,0.0,0.0,2.0,32.0,50.0,2.0,9.38,25.0
RA Jadeja,205.0,3526.0,2816.0,121.0,29.14,125.21,77.0,5.0,0.0,237.0,4329.0,5465.0,180.0,7.57,30.36
RA Shaikh,0.0,0.0,0.0,0.0,0.0,0.0,0.0,0.0,0.0,1.0,6.0,11.0,0.0,11.0,0.0
RA Tripathi,98.0,2291.0,1707.0,88.0,26.03,134.21,93.0,12.0,0.0,1.0,6.0,12.0,0.0,12.0,0.0
RD Chahar,22.0,129.0,127.0,16.0,8.06,101.57,25.0,0.0,0.0,79.0,1728.0,2196.0,75.0,7.62,29.28
RD Gaikwad,84.0,2839.0,2154.0,74.0,38.36,131.8,108.0,22.0,2.0,0.0,0.0,0.0,0.0,0.0,0.0
RD Rickelton,26.0,836.0,513.0,24.0,34.83,162.96,123.0,5.0,1.0,0.0,0.0,0.0,0.0,0.0,0.0
RE Levi,6.0,83.0,74.0,6.0,13.83,112.16,50.0,1.0,0.0,0.0,0.0,0.0,0.0,0.0,0.0
RE van der Merwe,15.0,159.0,144.0,11.0,14.45,110.42,35.0,0.0,0.0,21.0,455.0,498.0,21.0,6.57,23.71
RG More,1.0,2.0,2.0,0.0,2.0,100.0,2.0,0.0,0.0,2.0,37.0,59.0,1.0,9.57,59.0
RG Sharma,275.0,7331.0,5659.0,246.0,29.8,129.55,109.0,49.0,2.0,32.0,349.0,453.0,15.0,7.79,30.2
RJ Gleeson,1.0,2.0,2.0,0.0,2.0,100.0,2.0,0.0,0.0,3.0,73.0,110.0,2.0,9.04,55.0
RJ Harris,21.0,117.0,112.0,12.0,9.75,104.46,17.0,0.0,0.0,37.0,865.0,1047.0,45.0,7.26,23.27
RJ Peterson,5.0,32.0,32.0,3.0,10.67,100.0,16.0,0.0,0.0,4.0,48.0,70.0,3.0,8.75,23.33
RJ Quiney,7.0,103.0,105.0,7.0,14.71,98.1,51.0,1.0,0.0,0.0,0.0,0.0,0.0,0.0,0.0
RJW Topley,1.0,3.0,6.0,0.0,3.0,50.0,3.0,0.0,0.0,6.0,125.0,222.0,5.0,10.66,44.4
RK Bhui,4.0,10.0,27.0,4.0,2.5,37.04,7.0,0.0,0.0,0.0,0.0,0.0,0.0,0.0,0.0
RK Singh,62.0,1398.0,1005.0,41.0,34.1,139.1,87.0,6.0,0.0,0.0,0.0,0.0,0.0,0.0,0.0
RM Patidar,52.0,1612.0,1035.0,48.0,33.58,155.75,112.0,14.0,1.0,0.0,0.0,0.0,0.0,0.0,0.0
RN ten Doeschate,21.0,326.0,238.0,14.0,23.29,136.97,70.0,1.0,0.0,10.0,83.0,94.0,2.0,6.8,47.0
RP Meredith,2.0,0.0,3.0,0.0,0.0,0.0,0.0,0.0,0.0,18.0,415.0,612.0,19.0,8.85,32.21
RP Singh,28.0,52.0,78.0,15.0,3.47,66.67,10.0,0.0,0.0,82.0,1874.0,2338.0,90.0,7.49,25.98
RR Bhatkal,1.0,0.0,2.0,1.0,0.0,0.0,0.0,0.0,0.0,1.0,12.0,35.0,0.0,17.5,0.0
RR Bose,0.0,0.0,0.0,0.0,0.0,0.0,0.0,0.0,0.0,1.0,12.0,24.0,0.0,12.0,0.0
RR Pant,136.0,3879.0,2739.0,115.0,33.73,141.62,128.0,20.0,2.0,0.0,0.0,0.0,0.0,0.0,0.0
RR Powar,9.0,67.0,64.0,3.0,22.33,104.69,28.0,0.0,0.0,26.0,443.0,527.0,13.0,7.14,40.54
RR Raje,5.0,20.0,18.0,1.0,20.0,111.11,11.0,0.0,0.0,10.0,144.0,209.0,6.0,8.71,34.83
RR Rossouw,22.0,473.0,321.0,20.0,23.65,147.35,82.0,2.0,0.0,0.0,0.0,0.0,0.0,0.0,0.0
RR Sarwan,4.0,73.0,78.0,4.0,18.25,93.59,31.0,0.0,0.0,0.0,0.0,0.0,0.0,0.0,0.0
RS Bopara,22.0,531.0,468.0,18.0,29.5,113.46,84.0,3.0,0.0,14.0,213.0,292.0,11.0,8.23,26.55
RS Gavaskar,1.0,2.0,8.0,1.0,2.0,25.0,2.0,0.0,0.0,1.0,6.0,8.0,0.0,8.0,0.0
RS Ghosh,0.0,0.0,0.0,0.0,0.0,0.0,0.0,0.0,0.0,1.0,18.0,24.0,1.0,8.0,24.0
RS Hangargekar,0.0,0.0,0.0,0.0,0.0,0.0,0.0,0.0,0.0,2.0,43.0,60.0,3.0,8.37,20.0
RS Sodhi,1.0,4.0,2.0,0.0,4.0,200.0,4.0,0.0,0.0,0.0,0.0,0.0,0.0,0.0,0.0
RT Ponting,9.0,91.0,129.0,9.0,10.11,70.54,28.0,0.0,0.0,0.0,0.0,0.0,0.0,0.0,0.0
RV Gomez,9.0,50.0,53.0,5.0,10.0,94.34,26.0,0.0,0.0,9.0,97.0,129.0,5.0,7.98,25.8
RV Patel,7.0,80.0,76.0,5.0,16.0,105.26,23.0,0.0,0.0,1.0,20.0,22.0,0.0,6.6,0.0
RV Uthappa,197.0,4954.0,3927.0,180.0,27.52,126.15,88.0,27.0,0.0,0.0,0.0,0.0,0.0,0.0,0.0
RW Price,0.0,0.0,0.0,0.0,0.0,0.0,0.0,0.0,0.0,1.0,18.0,33.0,0.0,11.0,0.0
Raghu Sharma,0.0,0.0,0.0,0.0,0.0,0.0,0.0,0.0,0.0,5.0,90.0,130.0,1.0,8.67,130.0
Rahmanullah Gurbaz,18.0,363.0,283.0,17.0,21.35,128.27,81.0,2.0,0.0,0.0,0.0,0.0,0.0,0.0,0.0
Ramandeep Singh,26.0,299.0,212.0,16.0,18.69,141.04,35.0,0.0,0.0,6.0,66.0,94.0,7.0,8.55,13.43
Rashid Khan,72.0,635.0,432.0,46.0,13.8,146.99,79.0,1.0,0.0,153.0,3585.0,4297.0,179.0,7.19,24.01
Rasikh Salam,7.0,43.0,43.0,5.0,8.6,100.0,10.0,0.0,0.0,25.0,517.0,814.0,29.0,9.45,28.07
Ravi Bishnoi,18.0,45.0,71.0,12.0,3.75,63.38,13.0,0.0,0.0,85.0,1857.0,2494.0,83.0,8.06,30.05
Ravi Singh,1.0,4.0,2.0,1.0,4.0,200.0,4.0,0.0,0.0,0.0,0.0,0.0,0.0,0.0,0.0
S Anirudha,12.0,136.0,121.0,8.0,17.0,112.4,64.0,1.0,0.0,0.0,0.0,0.0,0.0,0.0,0.0
S Aravind,10.0,59.0,59.0,4.0,14.75,100.0,14.0,0.0,0.0,38.0,788.0,1039.0,45.0,7.91,23.09
S Arora,10.0,121.0,81.0,6.0,20.17,149.38,30.0,0.0,0.0,0.0,0.0,0.0,0.0,0.0,0.0
S Badree,5.0,13.0,25.0,5.0,2.6,52.0,8.0,0.0,0.0,12.0,263.0,319.0,11.0,7.28,29.0
S Badrinath,65.0,1441.0,1245.0,47.0,30.66,115.74,71.0,11.0,0.0,0.0,0.0,0.0,0.0,0.0,0.0
S Chanderpaul,3.0,25.0,33.0,3.0,8.33,75.76,16.0,0.0,0.0,0.0,0.0,0.0,0.0,0.0,0.0
S Dhawan,221.0,6769.0,5483.0,193.0,35.07,123.45,106.0,51.0,2.0,6.0,49.0,66.0,4.0,8.08,16.5
S Dube,87.0,2129.0,1555.0,68.0,31.31,136.91,95.0,10.0,0.0,19.0,162.0,277.0,6.0,10.26,46.17
S Gopal,22.0,180.0,173.0,14.0,12.86,104.05,24.0,0.0,0.0,51.0,1000.0,1349.0,52.0,8.09,25.94
S Joseph,0.0,0.0,0.0,0.0,0.0,0.0,0.0,0.0,0.0,1.0,30.0,47.0,0.0,9.4,0.0
S Kaul,9.0,20.0,36.0,4.0,5.0,55.56,7.0,0.0,0.0,55.0,1238.0,1739.0,58.0,8.43,29.98
S Kaushik,1.0,0.0,1.0,1.0,0.0,0.0,0.0,0.0,0.0,10.0,210.0,297.0,6.0,8.49,49.5
S Ladda,2.0,0.0,10.0,1.0,0.0,0.0,0.0,0.0,0.0,9.0,141.0,224.0,5.0,9.53,44.8
S Lamichhane,1.0,0.0,1.0,1.0,0.0,0.0,0.0,0.0,0.0,9.0,211.0,292.0,13.0,8.3,22.46
S Midhun,0.0,0.0,0.0,0.0,0.0,0.0,0.0,0.0,0.0,1.0,13.0,27.0,0.0,12.46,0.0
S Nadeem,20.0,39.0,88.0,14.0,2.79,44.32,6.0,0.0,0.0,70.0,1444.0,1784.0,48.0,7.41,37.17
S Narwal,4.0,37.0,29.0,3.0,12.33,127.59,23.0,0.0,0.0,6.0,113.0,202.0,5.0,10.73,40.4
S Rana,8.0,91.0,82.0,4.0,22.75,110.98,19.0,0.0,0.0,3.0,16.0,18.0,0.0,6.75,0.0
S Randiv,1.0,2.0,4.0,1.0,2.0,50.0,2.0,0.0,0.0,8.0,180.0,223.0,6.0,7.43,37.17
S Sandeep Warrier,0.0,0.0,0.0,0.0,0.0,0.0,0.0,0.0,0.0,10.0,176.0,253.0,8.0,8.62,31.62
S Sohal,20.0,368.0,311.0,20.0,18.4,118.33,62.0,2.0,0.0,0.0,0.0,0.0,0.0,0.0,0.0
S Sreesanth,12.0,34.0,57.0,4.0,8.5,59.65,15.0,0.0,0.0,44.0,947.0,1194.0,40.0,7.56,29.85
S Sriram,2.0,31.0,38.0,2.0,15.5,81.58,27.0,0.0,0.0,2.0,18.0,49.0,0.0,16.33,0.0
S Tyagi,1.0,3.0,4.0,1.0,3.0,75.0,3.0,0.0,0.0,14.0,220.0,295.0,6.0,8.05,49.17
S Vidyut,8.0,145.0,115.0,8.0,18.12,126.09,54.0,1.0,0.0,1.0,13.0,22.0,1.0,10.15,22.0
SA Abbott,3.0,22.0,18.0,3.0,7.33,122.22,14.0,0.0,0.0,3.0,59.0,104.0,1.0,10.58,104.0
SA Asnodkar,19.0,423.0,352.0,20.0,21.15,120.17,60.0,2.0,0.0,0.0,0.0,0.0,0.0,0.0,0.0
SA Yadav,164.0,4581.0,3154.0,137.0,33.44,145.24,103.0,31.0,2.0,1.0,6.0,8.0,0.0,8.0,0.0
SB Bangar,7.0,49.0,58.0,7.0,7.0,84.48,17.0,0.0,0.0,9.0,153.0,219.0,4.0,8.59,54.75
SB Dubey,17.0,220.0,148.0,10.0,22.0,148.65,34.0,0.0,0.0,0.0,0.0,0.0,0.0,0.0,0.0
SB Jakati,5.0,28.0,30.0,1.0,28.0,93.33,13.0,0.0,0.0,57.0,1101.0,1451.0,47.0,7.91,30.87
SB Joshi,2.0,6.0,16.0,2.0,3.0,37.5,3.0,0.0,0.0,4.0,55.0,82.0,1.0,8.95,82.0
SB Styris,10.0,131.0,134.0,7.0,18.71,97.76,36.0,0.0,0.0,11.0,222.0,276.0,8.0,7.46,34.5
SB Wagh,2.0,2.0,3.0,2.0,1.0,66.67,2.0,0.0,0.0,8.0,108.0,137.0,5.0,7.61,27.4
SC Ganguly,56.0,1349.0,1326.0,53.0,25.45,101.73,91.0,7.0,0.0,20.0,280.0,363.0,10.0,7.78,36.3
SC Kuggeleijn,0.0,0.0,0.0,0.0,0.0,0.0,0.0,0.0,0.0,2.0,50.0,71.0,2.0,8.52,35.5
SD Chitnis,8.0,99.0,92.0,7.0,14.14,107.61,38.0,0.0,0.0,2.0,38.0,60.0,2.0,9.47,30.0
SD Hope,9.0,183.0,125.0,8.0,22.88,146.4,41.0,0.0,0.0,0.0,0.0,0.0,0.0,0.0,0.0
SD Lad,1.0,15.0,13.0,1.0,15.0,115.38,15.0,0.0,0.0,0.0,0.0,0.0,0.0,0.0,0.0
SE Bond,1.0,1.0,2.0,1.0,1.0,50.0,1.0,0.0,0.0,8.0,191.0,224.0,9.0,7.04,24.89
SE Marsh,69.0,2489.0,1913.0,63.0,39.51,130.11,115.0,20.0,1.0,0.0,0.0,0.0,0.0,0.0,0.0
SE Rutherford,27.0,520.0,393.0,21.0,24.76,132.32,71.0,1.0,0.0,6.0,46.0,59.0,1.0,7.7,59.0
SH Johnson,6.0,8.0,12.0,1.0,8.0,66.67,5.0,0.0,0.0,12.0,243.0,396.0,7.0,9.78,56.57
SJ Srivastava,4.0,5.0,5.0,1.0,5.0,100.0,3.0,0.0,0.0,14.0,306.0,441.0,14.0,8.65,31.5
SK Raina,200.0,5536.0,4177.0,171.0,32.37,132.54,100.0,39.0,1.0,69.0,930.0,1118.0,25.0,7.21,44.72
SK Rasheed,5.0,71.0,67.0,5.0,14.2,105.97,27.0,0.0,0.0,0.0,0.0,0.0,0.0,0.0,0.0
SK Trivedi,14.0,42.0,61.0,7.0,6.0,68.85,9.0,0.0,0.0,75.0,1557.0,1904.0,65.0,7.34,29.29
SK Warne,27.0,198.0,219.0,20.0,9.9,90.41,34.0,0.0,0.0,54.0,1223.0,1447.0,57.0,7.1,25.39
SL Malinga,20.0,88.0,103.0,16.0,5.5,85.44,17.0,0.0,0.0,122.0,2974.0,3366.0,170.0,6.79,19.8
SM Boland,0.0,0.0,0.0,0.0,0.0,0.0,0.0,0.0,0.0,2.0,43.0,54.0,2.0,7.53,27.0
SM Curran,53.0,997.0,761.0,40.0,24.92,131.01,88.0,6.0,0.0,63.0,1308.0,2033.0,59.0,9.33,34.46
SM Harwood,2.0,9.0,14.0,0.0,9.0,64.29,6.0,0.0,0.0,3.0,67.0,73.0,3.0,6.54,24.33
SM Katich,11.0,241.0,191.0,10.0,24.1,126.18,75.0,2.0,0.0,0.0,0.0,0.0,0.0,0.0,0.0
SM Pollock,8.0,147.0,116.0,8.0,18.38,126.72,33.0,0.0,0.0,13.0,280.0,301.0,11.0,6.45,27.36
SMSM Senanayake,4.0,10.0,17.0,1.0,10.0,58.82,7.0,0.0,0.0,8.0,195.0,209.0,9.0,6.43,23.22
SN Khan,43.0,746.0,556.0,33.0,22.61,134.17,67.0,2.0,0.0,1.0,2.0,6.0,0.0,18.0,0.0
SN Thakur,43.0,349.0,276.0,30.0,11.63,126.45,68.0,1.0,0.0,109.0,2355.0,3514.0,119.0,8.95,29.53
SO Hetmyer,85.0,1566.0,1110.0,57.0,27.47,141.08,75.0,5.0,0.0,0.0,0.0,0.0,0.0,0.0,0.0
SP Fleming,10.0,196.0,171.0,9.0,21.78,114.62,45.0,0.0,0.0,0.0,0.0,0.0,0.0,0.0,0.0
SP Goswami,21.0,293.0,307.0,20.0,14.65,95.44,52.0,1.0,0.0,0.0,0.0,0.0,0.0,0.0,0.0
SP Jackson,8.0,61.0,57.0,6.0,10.17,107.02,16.0,0.0,0.0,0.0,0.0,0.0,0.0,0.0,0.0
SP Narine,122.0,1820.0,1178.0,104.0,17.5,154.5,109.0,7.0,1.0,200.0,4730.0,5273.0,209.0,6.69,25.23
SPD Smith,93.0,2495.0,1999.0,72.0,34.65,124.81,101.0,11.0,1.0,1.0,2.0,5.0,0.0,15.0,0.0
SR Dubey,1.0,4.0,2.0,0.0,4.0,200.0,4.0,0.0,0.0,4.0,87.0,106.0,5.0,7.31,21.2
SR Tendulkar,78.0,2334.0,2044.0,69.0,33.83,114.19,100.0,13.0,1.0,4.0,37.0,58.0,0.0,9.41,0.0
SR Watson,141.0,3880.0,2892.0,126.0,30.79,134.16,117.0,21.0,4.0,105.0,2137.0,2682.0,92.0,7.53,29.15
SS Agarwal,0.0,0.0,0.0,0.0,0.0,0.0,0.0,0.0,0.0,1.0,24.0,42.0,1.0,10.5,42.0
SS Cottrell,1.0,0.0,2.0,1.0,0.0,0.0,0.0,0.0,0.0,6.0,131.0,176.0,6.0,8.06,29.33
SS Iyer,144.0,4233.0,3211.0,119.0,35.57,131.83,101.0,32.0,1.0,1.0,6.0,7.0,0.0,7.0,0.0
SS Mishra,1.0,1.0,3.0,0.0,1.0,33.33,1.0,0.0,0.0,2.0,47.0,67.0,2.0,8.55,33.5
SS Mundhe,0.0,0.0,0.0,0.0,0.0,0.0,0.0,0.0,0.0,1.0,7.0,6.0,1.0,5.14,6.0
SS Prabhudessai,10.0,126.0,113.0,10.0,12.6,111.5,34.0,0.0,0.0,0.0,0.0,0.0,0.0,0.0,0.0
SS Sarkar,0.0,0.0,0.0,0.0,0.0,0.0,0.0,0.0,0.0,2.0,25.0,34.0,1.0,8.16,34.0
SS Shaikh,1.0,6.0,7.0,1.0,6.0,85.71,6.0,0.0,0.0,0.0,0.0,0.0,0.0,0.0,0.0
SS Tiwary,73.0,1494.0,1291.0,52.0,28.73,115.72,61.0,8.0,0.0,0.0,0.0,0.0,0.0,0.0,0.0
SSB Magala,0.0,0.0,0.0,0.0,0.0,0.0,0.0,0.0,0.0,2.0,37.0,51.0,1.0,8.27,51.0
ST Jayasuriya,30.0,768.0,573.0,28.0,27.43,134.03,114.0,4.0,1.0,21.0,301.0,390.0,13.0,7.77,30.0
STR Binny,66.0,880.0,700.0,46.0,19.13,125.71,48.0,0.0,0.0,63.0,611.0,758.0,22.0,7.44,34.45
SU Parakh,4.0,46.0,33.0,4.0,11.5,139.39,24.0,0.0,0.0,0.0,0.0,0.0,0.0,0.0,0.0
SV Samson,185.0,5181.0,3770.0,164.0,31.59,137.43,119.0,27.0,5.0,0.0,0.0,0.0,0.0,0.0,0.0
SW Billings,27.0,503.0,399.0,26.0,19.35,126.07,56.0,3.0,0.0,0.0,0.0,0.0,0.0,0.0,0.0
SW Tait,5.0,23.0,26.0,3.0,7.67,88.46,11.0,0.0,0.0,21.0,534.0,640.0,23.0,7.19,27.83
SZ Mulani,1.0,1.0,1.0,0.0,1.0,100.0,1.0,0.0,0.0,2.0,33.0,57.0,0.0,10.36,0.0
Sachin Baby,11.0,144.0,123.0,9.0,16.0,117.07,33.0,0.0,0.0,2.0,10.0,8.0,2.0,4.8,4.0
Sakib Hussain,1.0,5.0,7.0,0.0,5.0,71.43,5.0,0.0,0.0,11.0,274.0,397.0,15.0,8.69,26.47
Salil Arora,1.0,35.0,25.0,1.0,35.0,140.0,35.0,0.0,0.0,0.0,0.0,0.0,0.0,0.0,0.0
Salman Butt,7.0,193.0,172.0,7.0,27.57,112.21,73.0,1.0,0.0,0.0,0.0,0.0,0.0,0.0,0.0
Sameer Rizvi,18.0,424.0,304.0,14.0,30.29,139.47,90.0,3.0,0.0,0.0,0.0,0.0,0.0,0.0,0.0
Sandeep Sharma,26.0,60.0,79.0,6.0,10.0,75.95,9.0,0.0,0.0,142.0,3295.0,4307.0,151.0,7.84,28.52
Sanvir Singh,5.0,25.0,22.0,2.0,12.5,113.64,8.0,0.0,0.0,0.0,0.0,0.0,0.0,0.0,0.0
Saurav Chauhan,3.0,18.0,16.0,3.0,6.0,112.5,9.0,0.0,0.0,0.0,0.0,0.0,0.0,0.0,0.0
Sediqullah Atal,1.0,22.0,16.0,1.0,22.0,137.5,22.0,0.0,0.0,0.0,0.0,0.0,0.0,0.0,0.0
Shahbaz Ahmed,40.0,603.0,516.0,29.0,20.79,116.86,59.0,1.0,0.0,50.0,675.0,1069.0,27.0,9.5,39.59
Shahid Afridi,9.0,81.0,46.0,8.0,10.12,176.09,33.0,0.0,0.0,10.0,185.0,225.0,9.0,7.3,25.0
Shakib Al Hasan,52.0,795.0,665.0,41.0,19.39,119.55,66.0,2.0,0.0,70.0,1515.0,1839.0,63.0,7.28,29.19
Shashank Singh,42.0,905.0,588.0,25.0,36.2,153.91,68.0,6.0,0.0,8.0,93.0,140.0,5.0,9.03,28.0
Shivam Mavi,11.0,51.0,58.0,9.0,5.67,87.93,20.0,0.0,0.0,32.0,687.0,942.0,30.0,8.23,31.4
Shivam Sharma,2.0,5.0,3.0,1.0,5.0,166.67,4.0,0.0,0.0,5.0,114.0,165.0,4.0,8.68,41.25
Shivam Singh,1.0,2.0,3.0,0.0,2.0,66.67,2.0,0.0,0.0,0.0,0.0,0.0,0.0,0.0,0.0
Shivang Kumar,6.0,53.0,50.0,6.0,8.83,106.0,27.0,0.0,0.0,13.0,240.0,375.0,9.0,9.38,41.67
Shoaib Ahmed,3.0,1.0,6.0,2.0,0.5,16.67,1.0,0.0,0.0,7.0,103.0,152.0,5.0,8.85,30.4
Shoaib Akhtar,1.0,2.0,8.0,1.0,2.0,25.0,2.0,0.0,0.0,3.0,46.0,54.0,5.0,7.04,10.8
Shoaib Malik,5.0,52.0,49.0,4.0,13.0,106.12,24.0,0.0,0.0,5.0,58.0,85.0,2.0,8.79,42.5
Shubman Gill,130.0,4598.0,3339.0,114.0,40.33,137.71,129.0,32.0,5.0,0.0,0.0,0.0,0.0,0.0,0.0
Sikandar Raza,9.0,182.0,143.0,7.0,26.0,127.27,57.0,1.0,0.0,7.0,88.0,141.0,3.0,9.61,47.0
Simarjeet Singh,6.0,10.0,15.0,3.0,3.33,66.67,3.0,0.0,0.0,14.0,256.0,400.0,11.0,9.38,36.36
Sohail Tanvir,5.0,36.0,31.0,3.0,12.0,116.13,13.0,0.0,0.0,11.0,265.0,266.0,22.0,6.02,12.09
Sumit Kumar,3.0,18.0,26.0,2.0,9.0,69.23,9.0,0.0,0.0,2.0,22.0,38.0,0.0,10.36,0.0
Sunny Gupta,1.0,0.0,1.0,1.0,0.0,0.0,0.0,0.0,0.0,1.0,19.0,47.0,0.0,14.84,0.0
Sunny Singh,5.0,43.0,31.0,4.0,10.75,138.71,20.0,0.0,0.0,0.0,0.0,0.0,0.0,0.0,0.0
Suryansh Shedge,10.0,165.0,104.0,7.0,23.57,158.65,57.0,1.0,0.0,1.0,19.0,40.0,0.0,12.63,0.0
Suyash Sharma,0.0,0.0,0.0,0.0,0.0,0.0,0.0,0.0,0.0,39.0,822.0,1190.0,27.0,8.69,44.07
Swapnil Singh,9.0,51.0,46.0,5.0,10.2,110.87,15.0,0.0,0.0,14.0,165.0,241.0,7.0,8.76,34.43
T Banton,2.0,18.0,22.0,2.0,9.0,81.82,10.0,0.0,0.0,0.0,0.0,0.0,0.0,0.0,0.0
T Dahiya,2.0,12.0,15.0,2.0,6.0,80.0,11.0,0.0,0.0,0.0,0.0,0.0,0.0,0.0,0.0
T Henderson,2.0,11.0,16.0,2.0,5.5,68.75,11.0,0.0,0.0,2.0,36.0,40.0,1.0,6.67,40.0
T Kohler-Cadmore,3.0,48.0,54.0,3.0,16.0,88.89,20.0,0.0,0.0,0.0,0.0,0.0,0.0,0.0,0.0
T Kohli,3.0,11.0,20.0,3.0,3.67,55.0,7.0,0.0,0.0,0.0,0.0,0.0,0.0,0.0,0.0
T Natarajan,3.0,4.0,7.0,0.0,4.0,57.14,3.0,0.0,0.0,73.0,1631.0,2378.0,73.0,8.75,32.58
T Shamsi,1.0,2.0,4.0,0.0,2.0,50.0,2.0,0.0,0.0,5.0,120.0,181.0,3.0,9.05,60.33
T Stubbs,43.0,986.0,667.0,25.0,39.44,147.83,71.0,5.0,0.0,5.0,37.0,69.0,4.0,11.19,17.25
T Taibu,3.0,31.0,26.0,3.0,10.33,119.23,15.0,0.0,0.0,0.0,0.0,0.0,0.0,0.0,0.0
T Thushara,4.0,12.0,19.0,2.0,6.0,63.16,8.0,0.0,0.0,6.0,144.0,161.0,8.0,6.71,20.12
T Vijay,0.0,0.0,0.0,0.0,0.0,0.0,0.0,0.0,0.0,1.0,12.0,29.0,0.0,14.5,0.0
TA Boult,26.0,93.0,90.0,10.0,9.3,103.33,17.0,0.0,0.0,124.0,2892.0,3950.0,145.0,8.2,27.24
TD Paine,2.0,10.0,29.0,2.0,5.0,34.48,8.0,0.0,0.0,0.0,0.0,0.0,0.0,0.0,0.0
TG Southee,19.0,120.0,108.0,13.0,9.23,111.11,36.0,0.0,0.0,54.0,1262.0,1742.0,47.0,8.28,37.06
TH David,59.0,1151.0,697.0,35.0,32.89,165.14,70.0,2.0,0.0,1.0,6.0,18.0,0.0,18.0,0.0
TK Curran,10.0,127.0,108.0,5.0,25.4,117.59,54.0,1.0,0.0,13.0,252.0,430.0,13.0,10.24,33.08
TL Seifert,6.0,45.0,44.0,6.0,7.5,102.27,21.0,0.0,0.0,0.0,0.0,0.0,0.0,0.0,0.0
TL Suman,39.0,676.0,587.0,32.0,21.12,115.16,78.0,2.0,0.0,11.0,152.0,197.0,6.0,7.78,32.83
TM Dilshan,50.0,1153.0,1047.0,43.0,26.81,110.12,76.0,9.0,0.0,25.0,275.0,366.0,5.0,7.99,73.2
TM Head,52.0,1556.0,959.0,48.0,32.42,162.25,102.0,10.0,1.0,7.0,64.0,120.0,3.0,11.25,40.0
TM Srivastava,3.0,8.0,11.0,1.0,8.0,72.73,7.0,0.0,0.0,0.0,0.0,0.0,0.0,0.0,0.0
TP Sudhindra,0.0,0.0,0.0,0.0,0.0,0.0,0.0,0.0,0.0,3.0,74.0,136.0,1.0,11.03,136.0
TR Birt,5.0,75.0,59.0,5.0,15.0,127.12,27.0,0.0,0.0,0.0,0.0,0.0,0.0,0.0,0.0
TS Mills,5.0,8.0,14.0,4.0,2.0,57.14,6.0,0.0,0.0,10.0,218.0,343.0,11.0,9.44,31.18
TU Deshpande,10.0,54.0,38.0,4.0,13.5,142.11,25.0,0.0,0.0,53.0,1194.0,1858.0,55.0,9.34,33.78
Tanush Kotian,1.0,24.0,32.0,1.0,24.0,75.0,24.0,0.0,0.0,0.0,0.0,0.0,0.0,0.0,0.0
Tejas Baroka,0.0,0.0,0.0,0.0,0.0,0.0,0.0,0.0,0.0,1.0,21.0,33.0,0.0,9.43,0.0
Tilak Varma,65.0,1858.0,1344.0,52.0,35.73,138.24,101.0,10.0,1.0,4.0,23.0,28.0,0.0,7.3,0.0
U Kaul,1.0,0.0,1.0,0.0,0.0,0.0,0.0,0.0,0.0,0.0,0.0,0.0,0.0,0.0,0.0
UA Birla,1.0,7.0,15.0,1.0,7.0,46.67,7.0,0.0,0.0,0.0,0.0,0.0,0.0,0.0,0.0
UBT Chand,20.0,300.0,314.0,20.0,15.0,95.54,58.0,1.0,0.0,0.0,0.0,0.0,0.0,0.0,0.0
UT Khawaja,6.0,127.0,105.0,6.0,21.17,120.95,30.0,0.0,0.0,0.0,0.0,0.0,0.0,0.0,0.0
UT Yadav,48.0,208.0,211.0,21.0,9.9,98.58,24.0,0.0,0.0,147.0,3190.0,4332.0,144.0,8.15,30.08
Umar Gul,4.0,39.0,19.0,3.0,13.0,205.26,24.0,0.0,0.0,6.0,153.0,184.0,12.0,7.22,15.33
Umran Malik,5.0,23.0,16.0,2.0,11.5,143.75,19.0,0.0,0.0,26.0,519.0,772.0,29.0,8.92,26.62
Urvil Patel,10.0,197.0,102.0,10.0,19.7,193.14,65.0,1.0,0.0,0.0,0.0,0.0,0.0,0.0,0.0
V Kaverappa,0.0,0.0,0.0,0.0,0.0,0.0,0.0,0.0,0.0,1.0,24.0,36.0,2.0,9.0,18.0
V Kohli,275.0,9346.0,7127.0,231.0,40.46,131.14,113.0,69.0,9.0,26.0,264.0,368.0,4.0,8.36,92.0
V Nigam,10.0,157.0,92.0,8.0,19.62,170.65,39.0,0.0,0.0,18.0,301.0,469.0,13.0,9.35,36.08
V Pratap Singh,1.0,0.0,1.0,1.0,0.0,0.0,0.0,0.0,0.0,9.0,211.0,296.0,10.0,8.42,29.6
V Puthur,0.0,0.0,0.0,0.0,0.0,0.0,0.0,0.0,0.0,5.0,73.0,109.0,6.0,8.96,18.17
V Sehwag,104.0,2728.0,1833.0,99.0,27.56,148.83,122.0,16.0,2.0,15.0,138.0,235.0,6.0,10.22,39.17
V Shankar,63.0,1233.0,985.0,47.0,26.23,125.18,69.0,7.0,0.0,22.0,258.0,344.0,9.0,8.0,38.22
V Suryavanshi,23.0,1028.0,473.0,23.0,44.7,217.34,103.0,6.0,2.0,0.0,0.0,0.0,0.0,0.0,0.0
V Viyaskanth,1.0,7.0,5.0,0.0,7.0,140.0,7.0,0.0,0.0,3.0,60.0,86.0,1.0,8.6,86.0
VG Arora,11.0,10.0,28.0,4.0,2.5,35.71,2.0,0.0,0.0,42.0,931.0,1406.0,47.0,9.06,29.91
VH Zol,2.0,29.0,26.0,2.0,14.5,111.54,16.0,0.0,0.0,0.0,0.0,0.0,0.0,0.0,0.0
VR Aaron,12.0,50.0,73.0,5.0,10.0,68.49,17.0,0.0,0.0,50.0,1065.0,1481.0,44.0,8.34,33.66
VR Iyer,62.0,1677.0,1223.0,53.0,31.64,137.12,104.0,13.0,1.0,9.0,84.0,143.0,3.0,10.21,47.67
VRV Singh,2.0,4.0,3.0,2.0,2.0,133.33,4.0,0.0,0.0,18.0,371.0,542.0,12.0,8.77,45.17
VS Malik,2.0,7.0,7.0,1.0,7.0,100.0,6.0,0.0,0.0,13.0,212.0,261.0,6.0,7.39,43.5
VS Yeligati,1.0,2.0,2.0,1.0,2.0,100.0,2.0,0.0,0.0,2.0,32.0,59.0,0.0,11.06,0.0
VVS Laxman,20.0,282.0,271.0,19.0,14.84,104.06,52.0,1.0,0.0,0.0,0.0,0.0,0.0,0.0,0.0
VY Mahesh,5.0,15.0,28.0,2.0,7.5,53.57,6.0,0.0,0.0,17.0,359.0,499.0,21.0,8.34,23.76
Vijaykumar Vyshak,6.0,16.0,17.0,2.0,8.0,94.12,13.0,0.0,0.0,25.0,550.0,906.0,26.0,9.88,34.85
Virat Singh,2.0,15.0,26.0,2.0,7.5,57.69,11.0,0.0,0.0,0.0,0.0,0.0,0.0,0.0,0.0
Vishnu Vinod,7.0,71.0,66.0,6.0,11.83,107.58,30.0,0.0,0.0,0.0,0.0,0.0,0.0,0.0,0.0
Vivrant Sharma,1.0,69.0,49.0,1.0,69.0,140.82,69.0,1.0,0.0,2.0,21.0,37.0,0.0,10.57,0.0
W Jaffer,8.0,130.0,129.0,8.0,16.25,100.78,50.0,1.0,0.0,0.0,0.0,0.0,0.0,0.0,0.0
W O'Rourke,0.0,0.0,0.0,0.0,0.0,0.0,0.0,0.0,0.0,3.0,64.0,132.0,6.0,12.38,22.0
WA Mota,8.0,56.0,76.0,6.0,9.33,73.68,25.0,0.0,0.0,7.0,75.0,97.0,4.0,7.76,24.25
WD Parnell,13.0,65.0,86.0,10.0,6.5,75.58,16.0,0.0,0.0,33.0,758.0,937.0,35.0,7.42,26.77
WG Jacks,26.0,602.0,385.0,22.0,27.36,156.36,100.0,2.0,1.0,19.0,203.0,314.0,10.0,9.28,31.4
WP Saha,143.0,2934.0,2368.0,121.0,24.25,123.9,115.0,13.0,1.0,0.0,0.0,0.0,0.0,0.0,0.0
WPUJC Vaas,11.0,81.0,73.0,8.0,10.12,110.96,20.0,0.0,0.0,13.0,288.0,355.0,18.0,7.4,19.72
Washington Sundar,59.0,888.0,689.0,43.0,20.65,128.88,55.0,3.0,0.0,68.0,1186.0,1520.0,40.0,7.69,38.0
X Thalaivan Sargunam,1.0,10.0,17.0,1.0,10.0,58.82,10.0,0.0,0.0,0.0,0.0,0.0,0.0,0.0,0.0
XC Bartlett,4.0,40.0,29.0,2.0,20.0,137.93,18.0,0.0,0.0,13.0,269.0,484.0,7.0,10.8,69.14
Y Gnaneswara Rao,1.0,19.0,18.0,1.0,19.0,105.56,19.0,0.0,0.0,1.0,6.0,7.0,0.0,7.0,0.0
Y Nagar,20.0,285.0,271.0,14.0,20.36,105.17,44.0,0.0,0.0,8.0,72.0,125.0,4.0,10.42,31.25
Y Prithvi Raj,1.0,0.0,1.0,0.0,0.0,0.0,0.0,0.0,0.0,2.0,33.0,57.0,1.0,10.36,57.0
Y Venugopal Rao,52.0,985.0,865.0,44.0,22.39,113.87,71.0,3.0,0.0,20.0,222.0,337.0,6.0,9.11,56.17
YA Abdulla,1.0,0.0,1.0,0.0,0.0,0.0,0.0,0.0,0.0,11.0,222.0,307.0,15.0,8.3,20.47
YBK Jaiswal,82.0,2593.0,1750.0,78.0,33.24,148.17,124.0,18.0,2.0,1.0,1.0,6.0,0.0,36.0,0.0
YK Pathan,153.0,3222.0,2334.0,110.0,29.29,138.05,100.0,14.0,1.0,82.0,1184.0,1415.0,42.0,7.17,33.69
YS Chahal,17.0,37.0,89.0,7.0,5.29,41.57,8.0,0.0,0.0,184.0,4167.0,5417.0,233.0,7.8,23.25
YV Dhull,3.0,16.0,23.0,3.0,5.33,69.57,13.0,0.0,0.0,0.0,0.0,0.0,0.0,0.0,0.0
YV Takawale,10.0,192.0,183.0,8.0,24.0,104.92,45.0,0.0,0.0,0.0,0.0,0.0,0.0,0.0,0.0
Yash Dayal,4.0,4.0,9.0,3.0,1.33,44.44,3.0,0.0,0.0,43.0,920.0,1390.0,41.0,9.07,33.9
Yash Raj Punja,0.0,0.0,0.0,0.0,0.0,0.0,0.0,0.0,0.0,8.0,186.0,279.0,9.0,9.0,31.0
Yash Thakur,0.0,0.0,0.0,0.0,0.0,0.0,0.0,0.0,0.0,22.0,501.0,825.0,27.0,9.88,30.56
Yashpal Singh,4.0,47.0,67.0,4.0,11.75,70.15,20.0,0.0,0.0,0.0,0.0,0.0,0.0,0.0,0.0
Younis Khan,1.0,3.0,7.0,1.0,3.0,42.86,3.0,0.0,0.0,0.0,0.0,0.0,0.0,0.0,0.0
Yudhvir Singh,4.0,22.0,16.0,4.0,5.5,137.5,14.0,0.0,0.0,9.0,145.0,253.0,8.0,10.47,31.62
Yuvraj Singh,126.0,2754.0,2207.0,111.0,24.81,124.78,83.0,13.0,0.0,73.0,882.0,1077.0,36.0,7.33,29.92
Z Khan,27.0,117.0,141.0,14.0,8.36,82.98,23.0,0.0,0.0,99.0,2276.0,2782.0,102.0,7.33,27.27
Zeeshan Ansari,0.0,0.0,0.0,0.0,0.0,0.0,0.0,0.0,0.0,10.0,209.0,333.0,6.0,9.56,55.5
